project                             ; #commits; #authors; From      ; To        ; #stars; #forks; LastGHCommitDate; LongestGapStart (YYYY-MM); LongestGapEnd (YYYY-MM); LongestGapLength; NumCommitsAfterLastGap; NumberOfGapsInTimeline; ActivityPattern; BeforeThemes                            ; AfterThemes                              ; HypothesizedGapReason                                        ; HasRecovered; WhyRecovered                                                             ; WhoRecovered                                                  ; Currentstatus; RecentThemes                                   ; Notes
bids-apps_mrtrix3_connectome        ;      472;       12; 1470327983; 1773795736;     55;     28; 2025/06/19      ; 2023-11                  ; 2025-05                ;               19;                     25;                      8; Cyclical       ; Bug fixes:Feature development           ; Release:Feature development              ; Possibly a pause between release cycles.                     ; Yes         ; MRtrix3 upgrade and 0.6.0 release fixes (Jun 2025).                      ; Lestropie (old maintainer)                                    ; Active       ; Release:Feature development                    ; The Oct 2023 to Jun 2025 gap is clear but unexplained. Issue #127 and four other gap-period issues did not lead to public activity until the June 2025 MRtrix3 upgrade and 0.6.0 release. The same maintainer returned, suggesting a maintenance pause rather than a documented handoff.
google_jax-md                       ;     1416;       83; 1557850490; 1762560185;   1463;    251; 2026/08/18      ; 2019-07                  ; 2019-07                ;                1;                   1344;                      0; Declining      ; Bug fixes:Feature development           ; Dependency updates:Bug fixes             ; N/A active Project                                           ; N/A         ; N/A, project remained active.                                            ; N/A (no recovery)                                             ; Active       ; Feature development:Bug fixes                  ; Activity is continuous at the multi-month scale with no gaps of at least three months. The recorded maximum is a one-month lull, so there is no convincing inactivity episode to explain. The July 2025 README update and PR #347 show maintenance continuing rather than a distinct revival.
juliaintervals_intervalarithmetic.jl;     3403;      105; 1395244712; 1776137504;    330;     71; 2026/09/10      ; 2014-12                  ; 2015-03                ;                4;                   3219;                      2; Cyclical       ; Feature development:Bug fixes           ; Documentation updates:Feature development; Possibly an early release-cycle pause.                       ; Yes         ; Version 0.0.3 changelog update after the gap.                            ; David P. Sanders (old maintainer)                             ; Active       ; Feature development:Bug fixes                  ; The four-month early-project gap is moderately easy to locate but its cause is not recorded. The work before it added parameterized intervals and root-finding while the first commit after it updated the 0.0.3 changelog, making a release-cycle pause plausible but unproven. The project subsequently developed substantial long-term activity.
leakec_tfc                          ;      765;        6; 1601671504; 1758199663;     47;     13; 2026/08/01      ; 2024-05                  ; 2024-08                ;                4;                    101;                      1; Declining      ; Dependency updates:Bug fixes            ; Dependency updates:Bug fixes             ; Possibly a temporary maintainer bandwidth pause.             ; Yes         ; JAX-related numerical jitter prompted tolerance updates (Sep 2024).      ; leake (old maintainer)                                        ; Active       ; Automated bot contributions:Dependency updates ; The roughly five-month interval is visible in the commit history but its cause is not documented. README version updates frame the pause, and the return commit specifically addresses numerical jitter introduced by a new JAX version. The same maintainer resumed the project.
magazino_move_base_flex             ;     1329;       80; 1498233087; 1757155217;    549;    183; 2026/09/21      ; 2022-06                  ; 2022-08                ;                3;                    497;                      2; Irregular      ; Feature development:Bug fixes           ; Bug fixes:Feature development            ; Possibly a temporary maintainer bandwidth pause.             ; Yes         ; Action error-range feature resumed (Sep 2022, PR #304).                  ; corot (old maintainer)                                        ; Active       ; Bug fixes:Feature development                  ; The recorded three-month gap in June-August 2022 is easy to identify, but issue #302 and #303 and the README history do not establish its cause. Activity resumed with corot's action error-range change and PR #304, showing contributor continuity rather than a handoff. A second three-month zero-commit interval occurred in Jan-Mar 2025, so the timeseries has a tie for the longest gap.
moble_quaternion                    ;     1064;       45; 1310767115; 1761608346;    659;     92; 2025/11/24      ; 2011-08                  ; 2014-02                ;               31;                   1060;                      6; MostlySteady   ; Feature development:Bug fixes           ; Feature development:Bug fixes            ; Possibly an early contributor availability pause.            ; Yes         ; Double scalar conversion bug fix marked return (Mar 2014).               ; James McFlan (new contributor)                                ; Active       ; Feature development:Automated bot contributions; The roughly 32-month gap is easy to identify but hard to interpret because no nearby issue, PR, or README evidence explains it. The first return commit fixes a conversion error and later activity focuses on compatibility and release maintenance. The author changed from Martin Ling to James McFlan, indicating a contributor handoff rather than a documented recovery plan.
ncar_wrf-python                     ;      844;       39; 1449091912; 1776166179;    500;    178; 2026/08/03      ; 2019-07                  ; 2020-07                ;               13;                    362;                      5; W-Shaped       ; Documentation updates:Bug fixes         ; Bug fixes:Documentation updates          ; Possibly a project maintenance-cycle pause.                  ; Yes         ; Issue #122 prompted T2 support, PR #125 fixed an example.                ; Isaac Rowe (new contributor)                                  ; Active       ; Automated bot contributions:Dependency updates ; The 13-month gap is easy to see, but the commit and issue evidence does not explain why work stopped. The return is clearer: issue #122 requested T2 diagnostics and the Aug 2020 commit added support for it, followed by an example correction. Later history shows both maintainer work and automated dependency updates.
rajeshrinet_pyross                  ;     2269;       35; 1584976412; 1725115770;    167;     56; 2024/08/31      ; 2023-08                  ; 2024-07                ;               12;                      6;                      4; Declining      ; Other(Bug Fixes?):Documentation updates ; Bug fixes:Documentation updates          ; Possibly reduced maintainer availability.                    ; Yes         ; Typo fix and PR #51, alongside example updates (Aug 2024).               ; Michael Klots (new contributor), Rajesh Singh (old maintainer); Inactive     ; Documentation updates:Bug fixes                ; The year-long gap is apparent but difficult to explain because the commit subjects are often terse and no record establishes why development stopped. Typo-related PRs #49-#51 preceded the Aug 2024 return, including an open code-quality issue, and activity resumed with both Michael Klots and Rajesh Singh. The latest commit remains Aug 31, 2024, so the project is inactive under the 2025-09-30 cutoff rule.
santandermetgroup_downscaler        ;     1141;       25; 1382708378; 1742771983;    112;     62; 2025/03/11      ; 2024-02                  ; 2024-10                ;                9;                      4;                      7; Declining      ; Documentation updates:Dependency updates; Feature development:Bug fixes            ; Possibly intermittent maintenance between updates.           ; Yes         ; Quantile harmonization (Nov 2024), then an n.quantiles option (Mar 2025).; Ana Casanueva (new contributor)                               ; Inactive     ; Bug fixes:Feature development                  ; The nine-month gap is identifiable but its cause remains uncertain despite issue and PR activity during the interval. Work resumed with quantile harmonization in bias correction and another quantile-related change in March 2025, showing maintenance rather than a clearly documented revival. The last commit predates April 1, 2025, so the project is inactive.
voutcn_megahit                      ;      738;       35; 1411640958; 1761624424;    727;    145; 2025/10/28      ; 2020-01                  ; 2022-02                ;               26;                     30;                      8; Irregular      ; Other:Documentation updates             ; Feature development:Bug fixes            ; Possibly reduced maintainer availability despite open issues.; Yes         ; Graviton2 build work and documentation/build PRs resumed (Mar 2022).     ; accopeland (new contributor)                                  ; Active       ; Feature development:Bug fixes                  ; The 26-month gap is clear but hard to interpret because many issues accumulated without regular commits. The first return work targeted Graviton2 compatibility, alongside PRs fixing documentation and compilation, yet the public record does not say what caused the quiet period. New contributors took part in the return and later maintenance, and activity continued past the cutoff.
