,sha1,project
0,00564d7b2c5096020d84c4433c6daf4877c86f78,leakec_tfc
1,00594a3931574710d96441ef713943544b720658,leakec_tfc
2,00a28972b86a1a500000bd71a04ee27a96c9239c,leakec_tfc
3,00f79e06c1414a9e5b993edcf372be3275e41132,leakec_tfc
4,012f3401a491b6da35e46d96b2e46af4b5caa483,leakec_tfc
5,01cdc592313a08841368da1730321b10d6b2d9dc,leakec_tfc
6,020e0ec463bafed6f878159f4453d22b204deb60,leakec_tfc
7,0246189fe6955c17ff8ebb80620dc898d6cebffe,leakec_tfc
8,025f96d17ef34bcf83820edde1b5060ce38565de,leakec_tfc
9,02d5b9292f8cb9e30dc98a2e76fdb5355fc2f351,leakec_tfc
10,03ec980eba5db3ccd9451bddae991643e9f08751,leakec_tfc
11,03fef9dfdc30c81b2256fa5a7cdd6a40c907f316,leakec_tfc
12,047807ef39f210745951e2c1f8c5e6f989fb2b5d,leakec_tfc
13,04b1840c48fc0e6d53b76e465780365687ffabbe,leakec_tfc
14,0539c8b3cecfe5443d2376d50c3b41380cfd27f0,leakec_tfc
15,0557386ec6a1555683da92eb9f72cf7a8cfce771,leakec_tfc
16,055c81e02cc9ec95a013fe07f6d033a24961ee01,leakec_tfc
17,061751f0d07ac86a8528e653917069609fee3bc4,leakec_tfc
18,065b4962c1f23e65c5ff9a58197b8e4be2d699f3,leakec_tfc
19,0677955162d86cce620e2c74e7ffe095579b5c94,leakec_tfc
20,067d9d632de98859e128e3549e7ed6e93b79bf8b,leakec_tfc
21,06b9a9d58a40c642bb115a19240286bfc9683ac8,leakec_tfc
22,06e6fe2bb45c5924e57d24e1b8b0bfadf3914462,leakec_tfc
23,07ff93a18694398fa9a93af91ca1dab5fe25303a,leakec_tfc
24,08ca490f5dad6cee3f2fb47d3daa0b5a8576df04,leakec_tfc
25,08e66994cbebdeff168c1f7e54dcd12cf71b8236,leakec_tfc
26,0a157b6625ce94379241c57c1e9b31642d8c8119,leakec_tfc
27,0a78758a159c69ab2a471758b236494f8e91e01e,leakec_tfc
28,0ac2b66840115b7c2b64e85b1e08dc7c8ad62ade,leakec_tfc
29,0ac66609ddd0c72d0f8feed7f5ef669de2f07dc1,leakec_tfc
30,0aca9a4b8eeb409edd60cc0504fc6f4fddb083a1,leakec_tfc
31,0b03b6e433f9d604e4f8f323c0c11c54244535f4,leakec_tfc
32,0b1ad2e9741c7fac149ec14978f850fe3fec4215,leakec_tfc
33,0b32fc8635e16f9334ac861f8687fd861d8eec5b,leakec_tfc
34,0b5f47945be33c199b0f4c06fe204c0fd2295239,leakec_tfc
35,0b84f471f546d716d110238afce35a2cc30a8e0a,leakec_tfc
36,0bd9b260324ce7a81b680540c743aec82fd5bcc1,leakec_tfc
37,0bf833c202ff3f437b69de0bd2d463443029fa95,leakec_tfc
38,0c44c678b0cfa3f3bc608b2a4402bd62467bdf03,leakec_tfc
39,0c6b993efd7faed2752470af94f373aebf482dcc,leakec_tfc
40,0d332944e72648191e381b3965968ddcaf22f246,leakec_tfc
41,0d766901b52eab11d64bcc8c2e2accaba5bc2e66,leakec_tfc
42,0dd5c79600e53a3ae1b4fec09af6d2f90062d1c0,leakec_tfc
43,0ddfc352ff74af9f3980cfa4b5b11d3ce6f9507f,leakec_tfc
44,0e1b04f282cc36fd0e8180b030615b090f5aa577,leakec_tfc
45,0ea933f344201a155620c0fd176e2c6462e850f7,leakec_tfc
46,0f37bf7b7551b04e131670a8d11138281e8a865f,leakec_tfc
47,1036be89de14337491b4fdb12f2890feb19900ea,leakec_tfc
48,10452b4d1091c29a56e6f4f6e7edbb58c9e598c4,leakec_tfc
49,1046c9579651b80547dd1ca6b8710fb4eaaa2d56,leakec_tfc
50,1073c24c6abb7a512ac91ab5cbb0a1bcd7f4c91c,leakec_tfc
51,10932f1adb1445059c4f147ff7ebb8b49cec3d08,leakec_tfc
52,10b774af3b95061bac936acbc65e496f815f0c9f,leakec_tfc
53,116c2579d038ee5f94395f601bceee7e3deed36a,leakec_tfc
54,12007ca5d091a8a7e3fb0537202e95b434c0a110,leakec_tfc
55,129bf980c63e845c417ea70a510bfe5f38474201,leakec_tfc
56,139492e764cd401d3893835859154e6042013e5e,leakec_tfc
57,13e5b69d02c775fb3b3fb65cadef7f4e5aa60364,leakec_tfc
58,141fd71d2b375cbba18e720579fae16d44772e88,leakec_tfc
59,149b206ff52af4c6ebfc857181e22f2b01c4c94b,leakec_tfc
60,14b89a6c2aaae79b14783327389c4c87af3c14e7,leakec_tfc
61,1563d04f1c6848daba4bf6285b4495579240ce9a,leakec_tfc
62,15f9194ad4033d5a82bbcd126bc4a3f9295edc1d,leakec_tfc
63,164d4c53943da57e6e198dad008d58ed25a71796,leakec_tfc
64,16b2ad7fc4f7138b9c8004e3c8591ef8e45c853b,leakec_tfc
65,16b6b9751fe59f2aead8ee60293ebd5e8d9fc30a,leakec_tfc
66,1709c767c5164411d98605d37b809f1e18243e73,leakec_tfc
67,17548b938822e07c6661c190955625bcd34fc314,leakec_tfc
68,1759b8f33330932b9ceaed8a43c7d6ae96d9e522,leakec_tfc
69,17602febfcb6ef69e5975bcef3f7414fd36ba464,leakec_tfc
70,17afbfc4956df561472eef4b098598b2d83edaaa,leakec_tfc
71,17ebdbdccd092e0198ea36d29e219781190a89a1,leakec_tfc
72,17ffe65ac0c7936832b0fbcaca9e182e0cf52165,leakec_tfc
73,185f6cc8b475efd48b9f82a5c6f02d719abcae73,leakec_tfc
74,188ace68e8ea445af26c5ece502133d2ece5c76e,leakec_tfc
75,1a4447c0cef5361a22c302531388edd5e1397286,leakec_tfc
76,1b3e429a5fdadf9d2bf642588cbb64f246b7e20c,leakec_tfc
77,1bad2604aae11165a72db60105454fe8069eecb7,leakec_tfc
78,1bc0e94ffb5702742409c39174ba22781c02d65f,leakec_tfc
79,1bdc9bf4bc1c3e9257a8b26000c26af4c0933a4b,leakec_tfc
80,1becb6db72bdd685c99f8b09ec79ac1e54bde45b,leakec_tfc
81,1c73d8fa27bf660bb31f1983120036cf896e5935,leakec_tfc
82,1cff57f327f9c1d6ca415e69e35a2cc1295af3a6,leakec_tfc
83,1dc33dacd017fd18c0d768ca7a5d7002abfa4c88,leakec_tfc
84,1e4d696db21e34b29c33157a23684eb5705636d9,leakec_tfc
85,1f4000780d1a29f7eefa04ef740dabd61a7309ce,leakec_tfc
86,1f5e1165bea844b78cffe398a041be1c8f71b0c4,leakec_tfc
87,1fd51ba02b96a638d5a663a2040b2847d55a4889,leakec_tfc
88,1fdc5eafbb48d823ec4c8cd02fab967281d05ff0,leakec_tfc
89,20abc24faf2e1cddcb6d6e4af14045af10dfd0cf,leakec_tfc
90,20bda077d87748d169ef6e69cafc8fc7bc3c1bf1,leakec_tfc
91,218608cc2a7e7174b582aebd0dd9fe34ad328b4a,leakec_tfc
92,224f1181f8f08b6c8d5c9f7a6699c077146d0447,leakec_tfc
93,225dfd806cc017fea816176a754a999cc0ce2cdb,leakec_tfc
94,22ac5df734d8abff7c08e091020e6a8a27868fce,leakec_tfc
95,22ad1f7011f72a23017cb5d28b2c794b8f5c5b06,leakec_tfc
96,22e46e4fccce0a20ce6f0ddd64195a2a1af9934f,leakec_tfc
97,233039e66d3301933d990cd1d7f5a9b7ab96d765,leakec_tfc
98,2415788842121f089328140620e426eceb885044,leakec_tfc
99,24297e4a0de35c5a6c0820a7d7bcb28becd2eede,leakec_tfc
100,244ce6a0e00fe94e5598d9fc6bb9e0bc5f0b24e8,leakec_tfc
101,24838fd57b970002029d6666cc6f2f1c41c0936d,leakec_tfc
102,24b065a6088a1428ff6d2ebb731e761f9fe6cfca,leakec_tfc
103,2557d419ace6c7fc7244e1a23029a603cfa65472,leakec_tfc
104,25b5ae155c5e45dea78eb13c796d4fab8928aa39,leakec_tfc
105,25bd2aa0de0eb3dcf44d3cb372595d0ac30053b1,leakec_tfc
106,261885ff1a534d7027278aff42e65a1bc867ba35,leakec_tfc
107,2638de785794c381597e90d551df9fa2f4c4cd3c,leakec_tfc
108,271b1e2c79b01935ed8bc54de2b5e2e300dd95bf,leakec_tfc
109,27a171e298c8846abf38e3336a52d61344494c9e,leakec_tfc
110,27f4771758237a63a5d8aa4d513d18e61e875585,leakec_tfc
111,282b2050b7fdb5264c07ac3371c144e65b4ade04,leakec_tfc
112,28761f38f32430c4fd24c409f1f082db8986a66a,leakec_tfc
113,289aad16ce9ca5d1c41ec725e6baf9f03a9737ff,leakec_tfc
114,28e42a8453fccb2cc57386c606184f0abef22413,leakec_tfc
115,29165b9e066a9692b82f254ccb1d0c0c5bfa84f9,leakec_tfc
116,2993ac467d4ffa03501f769a3dc8c66eaa0d45e9,leakec_tfc
117,2cae6603e8eee6cb0c0a8889d6c92f16c6e0a7fa,leakec_tfc
118,2d0ff5727d88fa62c720bc8ae1cb54a2bbe366f7,leakec_tfc
119,2d68306532a40f27830fe4b9880b8e230fac7d16,leakec_tfc
120,2ec72990e85bbeac6b4200d0f55a041e48f4af8d,leakec_tfc
121,2ee2a3b870c62beea4487e559e6f4bdd78af4b29,leakec_tfc
122,2ee3a3e4d0a1594bf1e87c3c5fd06051c99998c0,leakec_tfc
123,2efc60b2f7c0c9c01ec75e3d788a145ab908f69a,leakec_tfc
124,30566e83ed8f4ac9a9f714244bc7fc71caaa1640,leakec_tfc
125,30a14e11f964a78bdf35c2f8e9cccae23e1b6997,leakec_tfc
126,317d5e9ceb99b83ba2636f74347de0630ab4dcdf,leakec_tfc
127,31fefbd38fe87063b48590461ca4d5a77d1622c1,leakec_tfc
128,32f475c89c645c497c97ba5a64faa706659902db,leakec_tfc
129,33cedb99897ed8042da15535da4665391eb5b791,leakec_tfc
130,3466dbe9fc57b4aa636a8180287dadf9eb394ccf,leakec_tfc
131,346841b53bc5b208df714ae1ec1890de5bf315ab,leakec_tfc
132,346b551bb246e68c7d300bffca07a338baf9c8d6,leakec_tfc
133,34a08223c84d327a5e2bee25825b347b4766de60,leakec_tfc
134,34e9c21ab89b700f72caf05f2f2791c31c0e1440,leakec_tfc
135,35372be0f91e84afa73aa1d55126318d98c0ecb0,leakec_tfc
136,35608a802e3664554074569e0126dd722e9ad5f6,leakec_tfc
137,35c0c244eda2abe0ac03eb9465ec3e2ec05d93c2,leakec_tfc
138,36069fa55ec0fbdf67a06d6b68644dd3308e146d,leakec_tfc
139,3638f2bde5d9fb3b5ae07387702b6a65f003a0dd,leakec_tfc
140,36495669e95296d206fd6f72d986cc8806b6b4f3,leakec_tfc
141,36efcb0f45a330a16ce03bee528d5eb6d1e99a12,leakec_tfc
142,373252099d14547e0e515ac02016d14f9caccee9,leakec_tfc
143,374a2ce00d3a934a9b5853f3c86fe01eb1cc7df6,leakec_tfc
144,375e862c892f9c8484ee0dfefc409d88aff8e07b,leakec_tfc
145,3771c9b28231e08a3a542d54eb708c36e151cb29,leakec_tfc
146,3774ec08259e09720f64db12e8c390635ccdf70f,leakec_tfc
147,383c3adade7f1a6a9283ab36b50b68276352e8e9,leakec_tfc
148,38c327dc4ad05c8d050b80eb6a96f4381cef633b,leakec_tfc
149,394ba3c5b61e6b95633d59ba467e73752935cd1d,leakec_tfc
150,397c6ee4a3aea2d2de0e79417abeeb6f8e976887,leakec_tfc
151,39865ab08796400f3338ffa764d9f3c4e91097e2,leakec_tfc
152,39d7a27507e6c64835781631e258cbe60095f2a3,leakec_tfc
153,39fac128804032f5e82c9ada25e267138a163af3,leakec_tfc
154,3ab01e58fd1e56d863a4fbc1e912423b9071c4e4,leakec_tfc
155,3afae34515d59d0733eafdd9a55c14221d7be6a8,leakec_tfc
156,3bbc08d9683f207defe0892c2ef9aa1790c422f0,leakec_tfc
157,3c1b6cc86ee524b19a72bd4e87960cac7c79f24e,leakec_tfc
158,3cb06110afdc4d0ad47d0c906ff623c389ceb71e,leakec_tfc
159,3cfddb132c3f94f5ea5a0e6c2757070187ad1f0e,leakec_tfc
160,3d3bd76bebb319362a249c0596360d64bd95d780,leakec_tfc
161,3d77b08c5d626436640f8bf7079ee357b92e4940,leakec_tfc
162,3d8ee9c0dcd26ef809ec0aca20ab73e91f27c91f,leakec_tfc
163,3e77389841d1674b1a037013e5a29b6207fef410,leakec_tfc
164,3f50c620839bf3243a7a47b7be3fabda456ce516,leakec_tfc
165,3f5399d286eff7a16f44b3d7b176bc738a6d7afc,leakec_tfc
166,3f814a4c986cf4d5b068954f07ef430b2c6db851,leakec_tfc
167,3fac0a8a81898bdb6b9d8609fa077b160404e7ac,leakec_tfc
168,3fd34bff99dcdc25840228e4d970ad38ceabbd9a,leakec_tfc
169,3ff87858ce3fa709cb298a2aaa7511e7aa668856,leakec_tfc
170,402c5cb632de711df58746f576ec9cc47c7ad608,leakec_tfc
171,403f629667013bdeace6e00cd517649297e62ee7,leakec_tfc
172,40ba76e1b37392f241584d71312045c1d7c7419f,leakec_tfc
173,40c9b054e12d2cb1e860c66587e6a5a3053ce4d8,leakec_tfc
174,41666acf2757c1c3ca08a1704b65728468d3c16a,leakec_tfc
175,4183c3f59efb9a4149137764f9c0d7a7b425505f,leakec_tfc
176,41c6f69cb1bcdfba9c233511899eea4c696f6128,leakec_tfc
177,41da86ccb8810d6c9d5472926d1b6ee6e8320084,leakec_tfc
178,41e443ba348b4e2718bf09ef72718331be95665a,leakec_tfc
179,42f490457aec1cba385ff220020dadfbcd53a613,leakec_tfc
180,4330559dbf87c2630c61ec0d823f8b5aa88392e9,leakec_tfc
181,434bb00a38d93674d163b7000c51cb0c63405f1d,leakec_tfc
182,43a120f0c5e73db8410cc19b111047e330b586f5,leakec_tfc
183,43aed0db2609d2069faf62d4f1b90a469dec3cfc,leakec_tfc
184,43c371ca4dd41b54c41d44ab192f3c57a8083612,leakec_tfc
185,43e03b94c34b805d985d84e92fb182e32455cf8b,leakec_tfc
186,43ef74a96d69bdef9f1932a0ee25d525c88f460c,leakec_tfc
187,4456a02855d3393efd325b42b9b3eec36888b6ab,leakec_tfc
188,447e30e5c437122a53cbf96fee5ed1ab1e7df030,leakec_tfc
189,44d69770a13f8637ceaa8dd684aa896b30eea38f,leakec_tfc
190,458d5d86291bfd436018c110501d172503c47b20,leakec_tfc
191,459c6b1cc0b493338ccc9f0dd41aa9168587704d,leakec_tfc
192,45e6eda8b0452947a569abbe783ca18c7320e8d1,leakec_tfc
193,45f0f127fc90f5e4cca38ad4b180b3c97e86c3db,leakec_tfc
194,464ca6fb5874bd8ca86706ff1f618375bf3d854f,leakec_tfc
195,467221b90317274d57bebdabb514dc15b7637c88,leakec_tfc
196,46ec5adcce06eb436656984d23f37ddc5f951ffa,leakec_tfc
197,471cabc0085236e8b6a428332b01d4f91b312cbb,leakec_tfc
198,4784f1543d44f37d06e482ff7053f45b1d0bf803,leakec_tfc
199,47abb445c140503157d3181886ff0a1571e22523,leakec_tfc
200,482fd53238923b21a0dd9f94be356eea144502cc,leakec_tfc
201,487edeae79268925d39e7ec180927eb8e3f3c45f,leakec_tfc
202,488c7d8f87a3d9a86d5e8f845ddc86e67bcbc166,leakec_tfc
203,48ec1890d49c8ff243bee6657a0e7327439e25eb,leakec_tfc
204,4910a1795d582dad325c98d5e4ac6890dba6b5d0,leakec_tfc
205,4912c01bd732f65c9272ad79fa10cdade9fd2cf4,leakec_tfc
206,49263966c1a16ed577e323aaf53d0c72e7f40573,leakec_tfc
207,49c0c18e769fe4cfb7510c1ac96c0b6fc589e166,leakec_tfc
208,49cc619ce4a1746a1fe8e3215bfdfb6909fa4d5b,leakec_tfc
209,4a1e5f406ab08d162d6dc7b0d365fc45bc7e7051,leakec_tfc
210,4a2938def308179cbf6f63aaf409766362c8f3cf,leakec_tfc
211,4a64d98c8407da4572366d798fa4f23b6f3ad83b,leakec_tfc
212,4af56e93d552a142367043f60beabe9824943d19,leakec_tfc
213,4b5bcbc82b8266e6386ac4c9e9e0211eb768b58e,leakec_tfc
214,4b80302366f2408b2ad53d4ace3827b6aad47acd,leakec_tfc
215,4bd5963d939337f04df82547bcc6898a43f94804,leakec_tfc
216,4c0dc0e2a8bbf249c74c15b3a832462b9702586b,leakec_tfc
217,4ce5ecb3bd175235bc7187120400f087e4a75c7b,leakec_tfc
218,4d36865070551bdaf881027bcd46cdaedf8efff9,leakec_tfc
219,4d66266454e28ecb971c6e93363c35af4e8d947e,leakec_tfc
220,4dfb4e87f6dca937e12c61bba6847fbb983529e5,leakec_tfc
221,4e5492e821fe18e796b28f5cc5a3e910e68ab7e4,leakec_tfc
222,4e8b7006b0bcbf73f7342bdd082861427421b043,leakec_tfc
223,4ec6a91af00b20138d7eccebf98152f1b89b2c0a,leakec_tfc
224,4ef0a06ae5fa34d3a90d577298b9e38c7cc369d8,leakec_tfc
225,4f860ae64cebe730571b2aa86d0bbac4fc4a8d34,leakec_tfc
226,4fd3be4c60392453a5a87b65dbf0df5569ad70e3,leakec_tfc
227,4feac319451d64ded3a48c97cdd516aee4ab10ba,leakec_tfc
228,501a39cfa860c53f894a65e34835ca28fb56b19b,leakec_tfc
229,50227306a7fc037205e32c36fc5e6f261cd68b38,leakec_tfc
230,506bf3fa2acd0057c4966baaa5aa093c86288ae5,leakec_tfc
231,50a89e5a66de7c6023cc67855ef247a3f36755f4,leakec_tfc
232,50d07f274f4a6454ebb8f99ddf6dd8b9f5cc8de9,leakec_tfc
233,519fdac8efdf4f6ed0453bcf4bb0061bf618dcd3,leakec_tfc
234,51ac63f021a25f2cf43b98fcf7c4746661f7acd0,leakec_tfc
235,528c8d531aa65f9010eadc14aea1f125734c1241,leakec_tfc
236,52d18d94e68bab17d3734ecfd21781c2718342b9,leakec_tfc
237,534c4f1d7c7e69fda521d1faa35cef62a27f946e,leakec_tfc
238,535f7aff84eaab27ef4fb0e17c8aebe7b35ad3f2,leakec_tfc
239,53725d621fdbc5512f7c2bc3a00242d45d344ab3,leakec_tfc
240,541b8e0c958ee38ebde59c40dfc24553dcc65f80,leakec_tfc
241,542633075fa387c450b3ddb98b99fc8c8da04234,leakec_tfc
242,5482ddda6280173aa9fbef1a0f6795469a20ecf2,leakec_tfc
243,548941df018ad13d0a52a9d46178ac1e2b1edd07,leakec_tfc
244,548c7786b820c7affac0607de1723c73100bd8cd,leakec_tfc
245,54cc431bbb5c4e01426c4006c3b9fb164bc7826d,leakec_tfc
246,54defd569092ea58ee3da829ff4c66116ba74f8d,leakec_tfc
247,55c04b60456d24877971d7c45d419fee4ebc447f,leakec_tfc
248,567b509869999c54902022ee6ee2bb77c34617db,leakec_tfc
249,568297430bc4b83b8a4d9c66ef7ad63226882523,leakec_tfc
250,5687ef076de652e5401235486696017d9e4aedc8,leakec_tfc
251,5704e65ba4f70cbf2cc8e409b0987dfd755fc613,leakec_tfc
252,5786fe2741d9a9aebad75284fd3635970bb0e4ae,leakec_tfc
253,57a7a137b79a12f7bf49c563bbd30a09372f2481,leakec_tfc
254,57adfb16759c41d7fabb54fabcb6fc480642de8f,leakec_tfc
255,582d594414a2d25326709bd4f2aa36e08e9e89c0,leakec_tfc
256,586ed2cc37315943b3354f9dc67c4d5a4dc417ab,leakec_tfc
257,5885a64ac5c36a19aa8a8de57345067d64d853c9,leakec_tfc
258,58c711296705da6d0583eb0c7d33330ae738ae73,leakec_tfc
259,594723760f97339434be37cc18087c822eb712e7,leakec_tfc
260,595317344d3cbcffd8e6772a9de2a16a80305ff7,leakec_tfc
261,59b8e88364b3c4506dcfe155a7898f660426a4a4,leakec_tfc
262,59f4f2b228b80ec7eef0538094c694ec0e12850d,leakec_tfc
263,59f78db0ea9fcf27af9e2bf2c44cd2199a875a7b,leakec_tfc
264,5b22ac785ec18b34cc6cf2800ddff933aad467ef,leakec_tfc
265,5b3e9dbda213d193401e6591c6d02ab7aa9cf4e3,leakec_tfc
266,5b98610e310935b61db42695ef52c098450b4e5c,leakec_tfc
267,5bac6f5d37deb9fda9ae7da52644595b7214fda4,leakec_tfc
268,5c1c4efdc6cbd65b0fcb9771fcc6ae8184e025b2,leakec_tfc
269,5cc3d900e1d0fc53560f3401b6c77e55101ab457,leakec_tfc
270,5d280fc11e575ed93b0642d4c3eaf237b48d86c8,leakec_tfc
271,5d43ae769f5b7083f85d7ddbff54fd6a5a20c0e0,leakec_tfc
272,5d6c492bbcf774c029d04fdec8ee672369b5d5fc,leakec_tfc
273,5dabc3ffc62b3f5fcfc136faad7509acc41ef5c9,leakec_tfc
274,5df3f94879988831132ca59ea9b79e0453e96366,leakec_tfc
275,5e26e934da2e5d812838caaf256d7d7e9d3df69e,leakec_tfc
276,5e9ff078baa5ea5f58b525e900b62c1ee75b26f5,leakec_tfc
277,5ed6c4ca2efd6825ea3bbb58c476c8b6ceac9f0a,leakec_tfc
278,5f5ad79f6260feafd79cb418eb1fa89f94dd6490,leakec_tfc
279,5f72e4c5e056a1ddc236879abbb63b31a777d4ea,leakec_tfc
280,5fd7865d7e01b98eaa0dc3a47bffe22e84d16e93,leakec_tfc
281,5ff6ace1f9737a7e1fa2ea8fd500da2b36f10dbe,leakec_tfc
282,6044bc7e12cffbaa40d304362d118e682625fbae,leakec_tfc
283,607824fbc30dad11bb7f8a639b579545d7e0dd54,leakec_tfc
284,617b259fed28a2f7a31ab56bee08ab17ccef33c5,leakec_tfc
285,61a79e92d8248118fcd845b1a9cb96bc09834d07,leakec_tfc
286,61df8106236f9c2e8a4502d70a63ed65faca9b30,leakec_tfc
287,623b5e155ed04327a60d6ab27e7437cadbfc5e57,leakec_tfc
288,627b6bd89a4f43d27b5cde9e06024b8fd33da9bc,leakec_tfc
289,628d7fff7b1243ef2de75a9b9acf603881018214,leakec_tfc
290,62a53b226b6bf56b927f724467fc70af1bfa4737,leakec_tfc
291,62bb27f6490e853c42d312546a4e445c9bc18dc1,leakec_tfc
292,62ca75aeeac601ffa2dc53e5327cec367924a71c,leakec_tfc
293,640721d7df309dd5419c0aa335b1324136b96a64,leakec_tfc
294,64809b1b9de70b2fe40680e851d22876ecd5f384,leakec_tfc
295,648f16fb4fa5e2ce01c4acb60146fed3e50d2d8a,leakec_tfc
296,6508d30067a1a07271fae997d87d67233dee776c,leakec_tfc
297,650c0d2850e90a8576d3d432f3b5d9e2ee048163,leakec_tfc
298,6535f1c8142a6cdbe83c566acdef64639b397ea5,leakec_tfc
299,65dbdd8b947189b90957eda0bc12053eacfc71f2,leakec_tfc
300,65ed8e236d539c4c1b0d1d936522f58ed5786ae0,leakec_tfc
301,65f1af895391177913f68edd2e5534d3ca99eca8,leakec_tfc
302,664b2b49219e9d3c2b00bc59db7912a424ae5f7d,leakec_tfc
303,66910bd50ffd3d1600a7d611f13fc0a2335b79e6,leakec_tfc
304,66f5fae63c81f4150d7e4e606cfff006413ad16b,leakec_tfc
305,677330f8b7a8fc68d6f3982e03b2969a70e0e9de,leakec_tfc
306,68401ef9da3d003a178665afa0fd47f39ee383e1,leakec_tfc
307,6857324bb4bd17fee734d0b4da57a9f3a147888b,leakec_tfc
308,685748c908c803802ba0637620a4174e1a45b52e,leakec_tfc
309,685883341077c3a2339666aca56321d35c34ee82,leakec_tfc
310,68596095f541596e5955e39dfcdb4e6562b17a2b,leakec_tfc
311,6871394acdf79c2d1a429a1400c4f5c089f48c57,leakec_tfc
312,692a327b98e51219b1af2991a9c73651f7ff7cb4,leakec_tfc
313,6a1503bb6ea80f1d681045aa09feb95ff7f169bd,leakec_tfc
314,6a2acba4dff20699355ab620a25655091dd59185,leakec_tfc
315,6a383ae5662945b5c01e316c5bd2699f6eb7be8f,leakec_tfc
316,6a89add36085cb1971cfcad0bc4317d9b456bd0d,leakec_tfc
317,6b63ee568d9c85649f9d631403adbbc4094d17c9,leakec_tfc
318,6b777ecf3d7aaae8bfc442839ad1743a274e6279,leakec_tfc
319,6ca049c65d418cfa38353deb37dde591c2fe85cf,leakec_tfc
320,6cdfb23eb5532f0a1411e779536f4addb13e5d09,leakec_tfc
321,6ce47a07d0959314bb9d2dc96ba15cf6a2074b15,leakec_tfc
322,6cf7f68175046cbbd3740d46a556513737992f91,leakec_tfc
323,6d4ddeec74f6c9cb5c4f7edec6544b436936b988,leakec_tfc
324,6d5eb57b14d4e90f3ee6ac3595f0212db66a4d28,leakec_tfc
325,6db4c84a7b03b60d0b911d4ba6d8ad279213d5a9,leakec_tfc
326,6df1570fa75d1452c53bff270c8b65d5ef7a044c,leakec_tfc
327,6e2559c4c32dd48a46f94b0a26239fe1d8df277e,leakec_tfc
328,6e828734f23d601741cebaa66f2d8b7de47017cf,leakec_tfc
329,6eaf591d18f18a13273525614185434469fcfc46,leakec_tfc
330,6f406ed7aef2f1a03477eb85e50bf4c874de8c62,leakec_tfc
331,6fd3e55fa178221aeb628d8ea993dbd5a64bebff,leakec_tfc
332,701508e7e1597b32ea5745de2a18f49fcd78ce28,leakec_tfc
333,7031f164ba418e80adf959ebbb664da269c03e79,leakec_tfc
334,703bfd710d1217dc3af834b2a37be0fb38303a7d,leakec_tfc
335,70d44a14efb77bc9deb2404d9453d18b28fad3ad,leakec_tfc
336,718eb651fec32906440e1e201c6441268f5b048f,leakec_tfc
337,71937d4eb15bcdc85bc9207e123c5041c10a963e,leakec_tfc
338,71b300d43da746b225bc1060bc2c5f27b2a0247e,leakec_tfc
339,71bc8f1fbab2073babc069e303e33201a99c92e2,leakec_tfc
340,7215c12c976b41a1f7580a96bd0ce1ae08cb4115,leakec_tfc
341,7230f22846c20cb7f62ed72b031d62e092f0a46f,leakec_tfc
342,728f6a805ecb1e8baf94d668f1b6053cb62b7551,leakec_tfc
343,7295acdcc824e32d29282075830494bc8395441c,leakec_tfc
344,72ba36a262b7d8b054e3fe7a2f06ca4e1f9b051a,leakec_tfc
345,72bf63c9481f9fb80efb1092dec35a58609d173b,leakec_tfc
346,72f11d0b5557610d85bb3ee6539c61db27f2d4fd,leakec_tfc
347,73389140504b51dd1e2fa73d6ef16ee5f81af52d,leakec_tfc
348,7375a756dbc8eb541ec651166fc1ffe26e2a09ec,leakec_tfc
349,7376bd6165fd8023a3d89003b3b6467ead6259a3,leakec_tfc
350,73b14bee822f4b219662f89dfed3e5464ec45145,leakec_tfc
351,73e3cc8728c84412213119e79aed1b9da5dfa68c,leakec_tfc
352,741a35042a1185ddcc2d0e9caf26f65af013793d,leakec_tfc
353,7461064796115aa2554b621483add3101970e236,leakec_tfc
354,74869ea145978391f3ba5a2bdb4cac96c746da5d,leakec_tfc
355,74e2600c57872121fd7be594b7620232d691a0bc,leakec_tfc
356,7507bb49dd34aa43b39c58a5baae451220950828,leakec_tfc
357,75228e604d85b25c4ef0e0a863301c4115052cc0,leakec_tfc
358,75244c95790274bc03c5d797b019923674c89652,leakec_tfc
359,75d6397db4f569ff54c9f362e1680320d4b8d167,leakec_tfc
360,760a468b3f5180e9ce3880de4a7a96278e81301e,leakec_tfc
361,7611ca3b2d4a14dafb21fa8c6a7b7ee3ccd8d4a6,leakec_tfc
362,76efc4a1f6af2767441059a38768917b11d00cf5,leakec_tfc
363,76fd736cfead290730dcad048a2f021cb8a97ad8,leakec_tfc
364,770213b72f744aaad319d5b7daac6b6be365d0fd,leakec_tfc
365,771604b30995b02394e41027d45ae89c0719edfc,leakec_tfc
366,7732e8f54999735442d2a7aa9e74def494f42399,leakec_tfc
367,77391a810e6d32b3562c6c2653205e2ee1ac4f7a,leakec_tfc
368,774fe465a440ecd2ccf667a781badd722bca40a4,leakec_tfc
369,77bc3fe8d392ac417e6ffce56dbed35d535458fd,leakec_tfc
370,78081d1cf3deb544b1f34ef73bc307c7f0fa2062,leakec_tfc
371,7842025535936a6526130de1461821996edb56c2,leakec_tfc
372,7914bf68dc6758e7727555981c9fd129963fb9a1,leakec_tfc
373,793fdcb1f8a1f3007b731506f104a87a37c759ce,leakec_tfc
374,7a0d9b4407d1be8a48a6913351469e17fe7e0b8c,leakec_tfc
375,7a1d72cb46bf37ce31099c74e0d068fb004ed4f4,leakec_tfc
376,7a80fb2e1276b3c3eeaf60e79777d5adc7af3e8c,leakec_tfc
377,7ac2f9050b82b54004678b731e814cc6d189fa43,leakec_tfc
378,7b0aea6c3e8384b09226ecf5450b4d720474c697,leakec_tfc
379,7b1f2adc16318c2f0e36c0588f54efb2a26c421f,leakec_tfc
380,7b579b9b94464c567ef3e0af2bea5ef2094f0dc9,leakec_tfc
381,7be686092f52317b2eca719ee92484efd699e273,leakec_tfc
382,7c50a6270f3fe9873887ba708f6a7431e4535210,leakec_tfc
383,7cb4b926148d49882d66f9791b0a4a48e4fd1130,leakec_tfc
384,7d21c85b5ede830ad0c62698f772abaad9b4fdc2,leakec_tfc
385,7d2bdb14c624472f10693fa40ec03cc0ec7903b8,leakec_tfc
386,7dc1de3910d07c7535437e2c2ca220914f2c3c29,leakec_tfc
387,7dd401e1293103c950f898d1b52d2df0c7aed205,leakec_tfc
388,7df5877330a75278c78f8faf34cda3255454cebf,leakec_tfc
389,7e21face8326029ad9c88b943eab430ab1f5d4de,leakec_tfc
390,7e31a17991d43d311aa488d8366be7c5fbe2ac14,leakec_tfc
391,7ea31c5d8061b4af1ea4605afd9192723dfa90ab,leakec_tfc
392,7ecaabc236b092b8849d2c79c00347acbd509748,leakec_tfc
393,7f21557e035e313c104b35b9097c2e96106b0c0c,leakec_tfc
394,7f62437687998c3576706549904c62fde32d1d7e,leakec_tfc
395,7f9b2375c2cb579ed67c53bb5525fce20b0b9930,leakec_tfc
396,80458eae21f39cdaca78acf270978fa1c3670001,leakec_tfc
397,80744727921c9f1057a0fe5dfc6f05870be3d67a,leakec_tfc
398,80a520df37e791fd1edb10d6cb607f89cf97413e,leakec_tfc
399,819d2c077da3d72e505b8dd971d9930578097229,leakec_tfc
400,826ddb9c46ef680c9b6bf21ee6a9b710d714144d,leakec_tfc
401,8297345c4115fb9ee66b3bdd219b4f34867f153c,leakec_tfc
402,82da07eef958c3940f3c00887bc2c1b2e3b2f425,leakec_tfc
403,82dca002350075eeabf3fd03a6ce05470d9477dd,leakec_tfc
404,833837206160dbf3f22c815ed1c26d498c94c626,leakec_tfc
405,836892baa476c45b788978330d3f8dd6b4686173,leakec_tfc
406,838c81cab0c9cbc505ed2d124eebf16e175f7605,leakec_tfc
407,842648f3bab4f2efb9278441db0082df2060f5b2,leakec_tfc
408,849cd82feb7002ba052471b82107d3bcc02f9eaa,leakec_tfc
409,85bd0708c0298102d6d42618e41c22313fb7f2ae,leakec_tfc
410,85c0b4ad6efc00ba3c911c1c6c3823c3be1b4221,leakec_tfc
411,86837130b5f4c8efddd6145f5b04f4ac120749b0,leakec_tfc
412,86a36e7d5a3e0f503b51b01c63f14455a2e82e73,leakec_tfc
413,86cbf91c3e775fdcd10c4b834e7fee090fc5911f,leakec_tfc
414,87245934811fe1fd5fe29663480482d606531eef,leakec_tfc
415,8794c92414073808b6b92c06010f2a0c6f7566f8,leakec_tfc
416,87b48b9b45812fb7b81356e0a6ebc9c874fd0002,leakec_tfc
417,88109f88d9df713efffcbb9aa138f1eb924afc05,leakec_tfc
418,88960358fa2e747d3846c9d271e6119dd9ff5187,leakec_tfc
419,89a690ac5d15bede5115db692d981c246c37500d,leakec_tfc
420,89b17a30da21d219ee352855a4e48493cb3fa2dd,leakec_tfc
421,89e75d09d7dd5aca25ba855ba3ec4dfa1713dc12,leakec_tfc
422,89f0ef021226d9e50bd50a197ed44ed15d458c51,leakec_tfc
423,8a003fe082fa6ca01ccdbed2cd4fc9393eb2fae3,leakec_tfc
424,8aaf0830dc7f69fd72bc54cea6df07d922d43cc6,leakec_tfc
425,8ae5dc6069e34259f363a34533153e64cf99c2eb,leakec_tfc
426,8af229a4ca71d22abfd79552c7cc0eb2c8377cfb,leakec_tfc
427,8b0fb6c87de7bcc90b278ea4eb1ea963015e526d,leakec_tfc
428,8b42cb0e4b7d8b583669a93e2a4abdd73d761d01,leakec_tfc
429,8b456866ae98b0389c6c96debab64a67752ffd05,leakec_tfc
430,8d3ec4681106846a5a52a0ca7f5644b3ea49efee,leakec_tfc
431,8d4fdd2cc1873568fd3eaeeb9721116161520053,leakec_tfc
432,8d8d741d0373ac441a99721b533b31090c035b2f,leakec_tfc
433,8dac388a89d3d00623f154a175daf312a089b292,leakec_tfc
434,8e267b1ddb192835d6fb47543f82070eca1f551d,leakec_tfc
435,8e36d1d44fa90ef7e9780ed3995c421d0f38c868,leakec_tfc
436,8e4412961038d8aa42a754fef4665a16db7e8362,leakec_tfc
437,8e4be0214c9d36d9ca261637aef1b0ddfa2819b7,leakec_tfc
438,8e5e904e2d2518a4abea47ee7f71aca144672dc1,leakec_tfc
439,8e9a31f57a9e73e71d2bafc48e9934d634d0c35e,leakec_tfc
440,8ec0d085f77b2bc1cc3f7b2500b62735e2aed7f3,leakec_tfc
441,8ed5597af0b491930d541a4772188003d9604f8f,leakec_tfc
442,8f433af271b6959504b0eb62ab7f7170ecf793a6,leakec_tfc
443,8f5423f9e9ca0cc0d21289c33194413ecbe36698,leakec_tfc
444,8f67c7d8f605e1f683195b8f3340156faec7fceb,leakec_tfc
445,90a7ff4baedae0e67b5de29487e4dadbd2c84312,leakec_tfc
446,90b3e36666f24c5dffc39e8e17409de80dbaedda,leakec_tfc
447,910666965ba70653cbcfe04c6f46f9006277568c,leakec_tfc
448,91d4ab960ed076eb89c8490ec991bba9db2f034c,leakec_tfc
449,92254140e7966d18215b9c2848a3b1c14273a590,leakec_tfc
450,92753fa64eb0eb6c8ab130904d2ad438816eed46,leakec_tfc
451,9294add18648ffe3ba3e97fe5bfc80a93afd50ca,leakec_tfc
452,92f432630e959c7cfc6308dd3c1bb6172818af37,leakec_tfc
453,930dc37c4d0dbbf8ba49da7a9b94217053cdf954,leakec_tfc
454,934a519bce2d0f4e65ab1ded63e4eaf5e8e15095,leakec_tfc
455,934e99e1a0c25bd13c65d08736dfb25d90cf3d84,leakec_tfc
456,93b853fc5cfda52d642bff75ea5ec381e8dcdfe3,leakec_tfc
457,93d5896f46215730026ff8046ad8de365ba43105,leakec_tfc
458,93ede3343f238accd1cef891faac6a9c07ff0cc6,leakec_tfc
459,94139002a7bf7633eec9e15b7c2ebf6e12a705b9,leakec_tfc
460,957d8a9bbfb5353d3a993b24da392bc35f5a8d68,leakec_tfc
461,95a6f624ad277495f84b2baa1fd426d2ae855ae9,leakec_tfc
462,95bafb2c7f42525abedb5b9d3852b9ae20fc5ef2,leakec_tfc
463,9611ec300eb5b0b64d0153c029f8c77326cb5989,leakec_tfc
464,9635612874c381184757c9dfa882e5483a340ca0,leakec_tfc
465,966e189a370c514004f91156619280974ee49d75,leakec_tfc
466,968c787ae6e4a09b1253f6169ba60cc4010d479a,leakec_tfc
467,96bb2ff45db0e72f848042ade0ef6916f3240526,leakec_tfc
468,9705acd4ab58611f87f0f195262a7599153ddcc7,leakec_tfc
469,9773c16f9f917ba1d693b7c1f625d486627451bc,leakec_tfc
470,97f24eafdd27615dcefb56c8690cb2ee0eb66236,leakec_tfc
471,98124d422bc5c41652eecf13e008daace9dd718d,leakec_tfc
472,982413469f7ff69c854749081d240bab35c1e346,leakec_tfc
473,989b55649b3f4078567cfeea46e6a5bd632006e3,leakec_tfc
474,98d973d01d6a81425ac21faf2bb7baad66666471,leakec_tfc
475,999f56c31352080633a5e76aa9860856ddea0d16,leakec_tfc
476,9a2a801287a80cf49c15d4b8c4d5dcd974b1167f,leakec_tfc
477,9a985f56ea1bf2f37b85341efdb0f898ba3ea8fa,leakec_tfc
478,9b02e3c865aa93496a8a15c6d7940a6eb193b3ac,leakec_tfc
479,9b1f210e29ff5185a8321f81b6e88542ce41e050,leakec_tfc
480,9bf827206ea5dbbaf53467083dff4c799eae1011,leakec_tfc
481,9bfe178b1a53242a6f6f2dff5c62d278903be470,leakec_tfc
482,9c11cf38c17eeb20faeb00e9ff34187fdb795200,leakec_tfc
483,9d306703253c62ccae8745f85e208ec06b7b4a0a,leakec_tfc
484,9d3c5b2b9c7630f7feabfc4497b012784d61c125,leakec_tfc
485,9da311e620cbb69c0bba137058263f58c59ef2fa,leakec_tfc
486,9dd40dbc5580106f06ac352e152d1a53f0990e39,leakec_tfc
487,9ddf65450986d05f76cd68fec780b21cf9a8517f,leakec_tfc
488,9e20e23034474f13153c76e41b957af618b17662,leakec_tfc
489,9e9c4afbe703076d3ec5fed47e64024117b5baa5,leakec_tfc
490,9e9e4cf5f41c85e3ad6ec9b10559268edf23b757,leakec_tfc
491,9f7d452082f7c49648cd6ae8e3dc3426fe10fb1a,leakec_tfc
492,a038e713864bd577aec2dd3a70a7370b782ca42e,leakec_tfc
493,a04413f3c22f30f3e77d6952ae6adcc6175feaba,leakec_tfc
494,a04e038c5f9084f3315fcd7ef24e5f42f71a0103,leakec_tfc
495,a08186a1d357976c8b36b3ed1290437a872db663,leakec_tfc
496,a0e50711c2853e8ed4917c99f955179ba5a02146,leakec_tfc
497,a0fbbd60c7c2a709fac1ebd0f6970456f72580af,leakec_tfc
498,a12e3a33a936be6ef84cac28b5c67c6e6123ed7c,leakec_tfc
499,a181faa6b6f06dc640bcbe9f2fb62c934e540e5f,leakec_tfc
500,a1cbf52fc3754485149f09ca8f1dbc29f7d0e755,leakec_tfc
501,a22ae76e2ee84ebdbb5edfd3fbe29966674661bb,leakec_tfc
502,a25e4c85b8b924262691a869bc4f1271e229e747,leakec_tfc
503,a2c72de14ba3264715026a7ad15927ce3e82d2cf,leakec_tfc
504,a315645376d268ec7eab7babc17499194c97609f,leakec_tfc
505,a34e9410c19598bdb1aa6485a00ece5a92fa8f95,leakec_tfc
506,a3831cacd8032ce84b527a8c96469c226ed1227d,leakec_tfc
507,a449137018b5b0860b8d900d0835363e4d58e750,leakec_tfc
508,a48bceecc586ed8b6a3a16cf1b90bbcdc95faace,leakec_tfc
509,a4d0e6fcc159593887e627c70b74dce0549aaff9,leakec_tfc
510,a4d7221b4479fd3f3eaf38c2aafe6f2f50b54bc2,leakec_tfc
511,a536a25db15b305a1ad232b71d8499999fc7e93c,leakec_tfc
512,a577c6a934cd9d82b291eeca77a8fac04d86a5ed,leakec_tfc
513,a59fce55de83ae3f19d15056fe83e563893b00b2,leakec_tfc
514,a61ad160d2100fd407091663e3156a1de0fe593b,leakec_tfc
515,a61d6381ab2822ed9ab04d367860b3b297bfcbf3,leakec_tfc
516,a6500016d838ba21ebee03b361489b0938da1c5f,leakec_tfc
517,a68d31b8d80d99ead8c8c6c9a311f8dd1d7f4798,leakec_tfc
518,a6a79d993b24e19a7e9e869a32a10aa024ccc3b0,leakec_tfc
519,a86447c4128f4f2d0f50c28ab3bd94d8c5dbd5a7,leakec_tfc
520,a871fc4901ccd3b67a1e330e52422a975ce89e8a,leakec_tfc
521,a878d7dc564a69fe31ea51d0b064151893a17989,leakec_tfc
522,a87ec4edb22da2f08452b29486161705cbb0f86e,leakec_tfc
523,a933ad7c2384d7cf3672ab26bbc41223e04a4e88,leakec_tfc
524,a9383c6b2ca40a4a8d8f8b62a2a74409f7191963,leakec_tfc
525,a93b31091f60eb7498a7d9a915327c17c665df0f,leakec_tfc
526,a9cb66ce9102389a6651321c57fa4fefdf8f4ecd,leakec_tfc
527,aa2e83b99f9fc132120464c6d3595ee93afe1c1c,leakec_tfc
528,aa422ee491fd1256cbd582fd98f0e6e078458192,leakec_tfc
529,aab8678187c9ef1c17bb81ac5033e5d73d517858,leakec_tfc
530,aae797533e24976e5252e3573bbc0e78bd656d44,leakec_tfc
531,abe93da16dc40a2ddee5881477b90cb5095f7c82,leakec_tfc
532,ac4a28aeedaf69f43973ebabf3904e83eda3aa87,leakec_tfc
533,ac4b530afa2859945490545663f78f9e649fc569,leakec_tfc
534,ad1c09c7d2f4a4b7895666c10e046146852bb9fb,leakec_tfc
535,ad466c0bc7a7db43109677906a502a5c877d730e,leakec_tfc
536,ad9e36359b87d365fa7f376ef37d65ab471256cb,leakec_tfc
537,ada9777823f84db3b51efc5c9159f3862e07d29a,leakec_tfc
538,aeb4ae2325890533c8e561c97287bdc1100673b2,leakec_tfc
539,af741c0b484a3883ab5c59275b9ec532c491d7ab,leakec_tfc
540,af7eb1899e3d2a344ca829a751a91d156c157c5f,leakec_tfc
541,b0c714ba82892fb279cf14a54815803949ae516d,leakec_tfc
542,b12c504d8d2fe66f8d6d65dcdca46d2b21e25d96,leakec_tfc
543,b18dacae0f16d9c348b86dc285c6f7a94b60332d,leakec_tfc
544,b1a726fac32faea7ae54d6979295a7f4d71f68fa,leakec_tfc
545,b1dc29c3df438b98837a603d4a390784d3c2a601,leakec_tfc
546,b1f7e0ca6a323adff0bf4a2a585c6a96ea3cb8c6,leakec_tfc
547,b1fdc8a603d02cbf95804269dbeb2415d20acd29,leakec_tfc
548,b2d37d8245f683923bb90d318c28fff2155d16f9,leakec_tfc
549,b2f01bfbfdd7642ea0093d78395844e526cd38a0,leakec_tfc
550,b39c185c2f5f71a1a570fd88e9e802937f2c31df,leakec_tfc
551,b3f41540031c3df5b9b382bcbe050185b9bc887a,leakec_tfc
552,b45065d57054017d838f177fe908d0de153b47da,leakec_tfc
553,b499e8393ddc3189258d795bd00b5cf5f03c3762,leakec_tfc
554,b5489ec4fe7980ca3aafcc0739f9c9271bb1faec,leakec_tfc
555,b5e2419e46f1a505db3fd055a1d03c68325dbf3e,leakec_tfc
556,b5eaec5ca6212f54de02bfba22fcc631e772edfe,leakec_tfc
557,b5fb7a9efee5de44edb16b916063b45ab0fe85d1,leakec_tfc
558,b629fe7f2185856259b9301859ce907e22621c8b,leakec_tfc
559,b632c9639976cc0f1217ac383cf851895cdfa1b6,leakec_tfc
560,b65b26821b9c11aab883c12c22b6c7a7e7fb3e16,leakec_tfc
561,b79f57f39cb4640aeece57f74b524051fdb9c5d8,leakec_tfc
562,b80f51a89bc28f1f00983f775e6c62cef3d0939c,leakec_tfc
563,b8110c4678d0fbbf4e8dab39171d606fa7e52892,leakec_tfc
564,b83cf88534b833dcb1d9035dfcdcd23b4f4fa39d,leakec_tfc
565,b8426594fd2de8a672a490ee83a7738b442f1e52,leakec_tfc
566,b849d49fe83737f4e668ed3419d1286b80495fae,leakec_tfc
567,b8cd45995eaa2f6ec5e0ccb3515dc1752bd1bef1,leakec_tfc
568,b8e97077a9d02b6543c9727fa3188ff5d48aabf6,leakec_tfc
569,b965e7ba58d70608697387feb19fcf24707bd4f4,leakec_tfc
570,b991661eb40198c9d59b0b43d1e0162ce0907b38,leakec_tfc
571,b9a74f0d5a5867c0c8959c02f7f16f8beebd5e7f,leakec_tfc
572,b9abab77048210937208f5ce8291980c253d98ce,leakec_tfc
573,b9b3688716bae0a7c2ad2dda70ab48269178a757,leakec_tfc
574,b9f1fd68340fcc06d070dc68818e715abe153024,leakec_tfc
575,baa4b79d98a60e6c4213bd2a6e2b80e33eda1922,leakec_tfc
576,bac1d4b0f7f3af545389f563628365c8f0309086,leakec_tfc
577,bac62c7b26140af5ca05307d0da473a9a5b7321f,leakec_tfc
578,bb0fafef92268eaa775c5eed2e84747746a3ca81,leakec_tfc
579,bb53026f9bfad9c624ebc58afd0348a70162e6ed,leakec_tfc
580,bbc64ddd0f1e64281e87486b32fba3efa0834a38,leakec_tfc
581,bbff4eb16b9e7993b4ac633f2d90e163b4b70b82,leakec_tfc
582,bc60119d24ab58e78acbb860498ec200992293c9,leakec_tfc
583,bc921e600948dfb40d110816075a460c4532699d,leakec_tfc
584,bce3adc750b88594945fb66c4e5ad4010086f7ea,leakec_tfc
585,bd0d08c1398c539131068d963097022a19f97247,leakec_tfc
586,be28e19af6962dc9f10897cbb57be9e25515faa0,leakec_tfc
587,be62d7dd877b6a7c1e093b3d2905e2c7aeedc1a9,leakec_tfc
588,bf24cabe1107143627be7d9f1d41443b3cc3b8c7,leakec_tfc
589,bf4c6e4c9079899cb8fdf761282ba3bfec3502c6,leakec_tfc
590,bfbd2a93ec7b58b97f922225a09c1ae42b4b3fe2,leakec_tfc
591,bfcabdc624678616e51b58419fa3c4bfde2645cb,leakec_tfc
592,c044dbef7e3021f7b78e516fb2e19112ac0d1284,leakec_tfc
593,c12443a20b1069d749c067f4a28fa316447a2808,leakec_tfc
594,c1d5b7b027087d7ec76f407840a4bb988d721220,leakec_tfc
595,c1e544c5a9142fcd735e415c7f2feb3249cff027,leakec_tfc
596,c1e8aca78818f0584e859a9bec421b3484633908,leakec_tfc
597,c1e99eccb8547361feaf0954e915dbd3b91eb751,leakec_tfc
598,c25877b25fb2a7e34bb420531fcc3aea6cfa0879,leakec_tfc
599,c31ef55c45d2650c907674a1b36fe32b66d3d6d6,leakec_tfc
600,c38e8f4e8d5e6d01779112a5ae49e3ab69e41aa9,leakec_tfc
601,c4897246b62a2255cab334ddc30e1ba6c4593506,leakec_tfc
602,c49bc2203c02d9e33f882c8b9c620fb03abdf59a,leakec_tfc
603,c50a8165a3eb96ff84a06e6636740f16513cef39,leakec_tfc
604,c569a0a049e3b4f297e50d180b720a2303aa6dff,leakec_tfc
605,c59b09bd3cbee1ae76621fe116303913867c8755,leakec_tfc
606,c625dfb7bd28c14390d8a115b1a39d40e1275648,leakec_tfc
607,c661bf25adc59f8528b5dd6b063ed44069c49c87,leakec_tfc
608,c6bd9a3fd689a2f762cdad6b330c89c7a91cfe55,leakec_tfc
609,c6e993cb0e986ff9fed835bc8d43256f3b7dd9f8,leakec_tfc
610,c6ebdb47e2d17d2f50280a3c454698fdd3480225,leakec_tfc
611,c78514ab65a580e8f3984d21c2766226ddfd3900,leakec_tfc
612,c78f07a8dedbbaed1365dedea3ae24be787f9151,leakec_tfc
613,c7a3a05bb0408ba1d4c275f091e58db155c965dc,leakec_tfc
614,c7ffe973a6071a46a415f33057ed623fa1b5096c,leakec_tfc
615,c98c5248c32ee6bf3e0824303365beacb6c7e515,leakec_tfc
616,c9b5eb14ae2f9145cdae32ad72f239d914c0ea6f,leakec_tfc
617,cad5bf3dd239d70a73423446ada8fa131ba64758,leakec_tfc
618,cb3269d570d96c20cf054813c3b5b09e41e2d082,leakec_tfc
619,cb7d3ee475633c34e19e2e0e0efdc9005c69d3b6,leakec_tfc
620,cba69c0e09fb1edc4e2553eab11e93d7b5c3e16c,leakec_tfc
621,cbf853470610b62fecab7b2028aeb3a5b8549aa2,leakec_tfc
622,cc3961ea257463630f7412fdc3e6646b6e7da98e,leakec_tfc
623,cd4e80962e2e053ae4259651ceabb8063ad794aa,leakec_tfc
624,cda7abb5936cbf755d31168546998945a83f0bb1,leakec_tfc
625,cde6be5bedbd81b00ae8ab554fb5ba14b9747997,leakec_tfc
626,ce03dee1a162a52ebb986b629613efd80d2847ea,leakec_tfc
627,ce9e72032c7e94baed911440c1136241faaafeb2,leakec_tfc
628,cea3b30ba6dd275bc2ebe3ef53b056fdf1e77c6b,leakec_tfc
629,ceb9e8aea8910a82bc8acb8012fb7c547b396c3a,leakec_tfc
630,cee321c4118cae53a4df8d4cf31933234d2812c7,leakec_tfc
631,cfc5fc8aa4664740a4a72379e9952952a542b858,leakec_tfc
632,d007bb7082971779f27eb6612701a911069bb3b4,leakec_tfc
633,d0841279720217b91addec8ed05ecda49ed9bbec,leakec_tfc
634,d0e568f387710d63d2ebf7efef30a54109637b9a,leakec_tfc
635,d118ecef5467e7ec5d941353c16d1d14b718a556,leakec_tfc
636,d172687847e005a49a88ae48eb5de8cc879a5c6b,leakec_tfc
637,d1adb8c8466d7a37f217108c5162b5b8ca3e2c3b,leakec_tfc
638,d1b8204ecac5ac3cba7cd53d8c39b375b1deb5a1,leakec_tfc
639,d1d633e774576b257b3dce666b1635543ea3042b,leakec_tfc
640,d2dcae78bdb7fd2c591015ada79a7df6800cfa6b,leakec_tfc
641,d2ddf807883e78eaa58e3e56b17b078a7ec62591,leakec_tfc
642,d38cfa1ec112b3daf439194e82574e4ad4b626e8,leakec_tfc
643,d3a2c77490d10f3446e37004283a4b173e46bed0,leakec_tfc
644,d3d13a48cefeaac7427622e3d876ebf2c4f94ed6,leakec_tfc
645,d5cd42530bda34b3acce8d7a0656b2d9a2bf475a,leakec_tfc
646,d61053bf0102a8f65a85b46ab2dc59153abbc29f,leakec_tfc
647,d62525106d3265afe0e4d3fad30b46c2cb08fc25,leakec_tfc
648,d66d1a1bf84d729add516bdc4e2828e403fcbc60,leakec_tfc
649,d80bcf826d98cefcca04e7795401759519aa858d,leakec_tfc
650,d80e982afd420be2fc1830ccbfaac412064a4e51,leakec_tfc
651,d847ee3935ec736a8c754a202eef9c6b98031d65,leakec_tfc
652,d8d637b0d9b1d8edbf2a736949d11f1c27effda7,leakec_tfc
653,d94bc864a58f02682aeb4a81f3c8f7a0e36833ab,leakec_tfc
654,d97a7e075ae024d3bbc605f6fc40040436388dd5,leakec_tfc
655,d987ef9fee3df6e6dda065c9a40567c76365c656,leakec_tfc
656,d98e0a0df3e6353c2dd4e9ff6d2c409b5859b587,leakec_tfc
657,d9956df8c053137dc287ab6d331032ad6a1c59c6,leakec_tfc
658,d9bfc4ca2e8a4610f46add523cc836b9c88876b5,leakec_tfc
659,d9c6d9e8924a047b205a88118bcf423fdcbc9c46,leakec_tfc
660,d9cef4dce2aaebc5395f884ee06dcfdfd60708fb,leakec_tfc
661,db000ee4e36ca892b651f9044a9d8838c21f01bd,leakec_tfc
662,db322bfe5d8686b7cf9048cd1dee876f2ec16591,leakec_tfc
663,db3d80488256a52eed25f0a342035a788b78a87f,leakec_tfc
664,db49547053b4defed179a1ae362902b61f4503bc,leakec_tfc
665,dbca2da1cc69626e7b393d5501c9bb26429b7eb9,leakec_tfc
666,dbf7f004f94846af48044fae4151012c98daacce,leakec_tfc
667,dd0ea69c410f38692f680d876205e36cac12e151,leakec_tfc
668,ddaf3520c89754b510ebb4db4434a01a4f04f7ef,leakec_tfc
669,ddcc2e7826783940078fb43da575b2164a94b4b3,leakec_tfc
670,de996cbb4aaf35a00bccdf9d11e725097cf84f09,leakec_tfc
671,dea8171152da64ecb7df36139863a8c4b16fab8a,leakec_tfc
672,deb9f4993729ba1cba53a85eb5434a5baf59aad4,leakec_tfc
673,dec1338e72e5a185ce29f1333933e063dd59d2f2,leakec_tfc
674,dedbcc287f3c1ccc641806c22afdb6f68dc2ae7f,leakec_tfc
675,df33beb30cc6de3884f42268f54d620ce3e3f2b0,leakec_tfc
676,df6cc5222efa609efdb2e587114aa85b7d515e52,leakec_tfc
677,df75dbea84a28329a6e4bb7a6bacf8b1403cacb5,leakec_tfc
678,dfda6c5950ab90c68a72b073994f25e2703dd358,leakec_tfc
679,e04865767bc26d8ef608bc231545d15b1592c93b,leakec_tfc
680,e08e67674c3d0ffc267b811f9163ba2269280442,leakec_tfc
681,e0c6aa3dc11364c3d7e2055c4d02ada22e7223b3,leakec_tfc
682,e0dfacb787a2adb2e9e76812423d7f54ddd74366,leakec_tfc
683,e1122184468ccec508450b61baf8cd6bd82fd4d1,leakec_tfc
684,e1d2e9d16ae03eee0e0d9b2c9c16ce1546104f99,leakec_tfc
685,e22d66145f0547008afdfe9accbdfd930002ef46,leakec_tfc
686,e29f7713397b1e1afa3239b85ab7262e412431b2,leakec_tfc
687,e2fe98a919822dae1965c79beb8cea994c199ab0,leakec_tfc
688,e3049f6596b8507f9e205dab7445fb87089eb7ad,leakec_tfc
689,e375dfccca8c9f6298be5e0d53cb0e5fd7e06c79,leakec_tfc
690,e37a5339a4b177f787715e81c448b6492cfb830c,leakec_tfc
691,e3d74759b0af746561bcd5c8891f68210419da3c,leakec_tfc
692,e3e2fb68f48c844ec41d0427b6a6793fc14b7505,leakec_tfc
693,e4023b2532ea57397120b45d8e78c94ba1c6d315,leakec_tfc
694,e43553d10452cb4d3efd004d0d423bcb3cfd4aa4,leakec_tfc
695,e45926803286c40ca65186bf66bc3ea18ba6f904,leakec_tfc
696,e5eb9e2af952e60e14e091a612fd07b66d199b9f,leakec_tfc
697,e5efe8d10cab84d34ca9e4cef886afac16a5cb52,leakec_tfc
698,e71a7b57a546d22470ac2c2d4e00baeff05f1f73,leakec_tfc
699,e93a5a9f493adf0849f9c47cfcb4021fd5416694,leakec_tfc
700,e99eb1acbd7f75d337d02cf7d5ad70315d4b8ec7,leakec_tfc
701,ea72802388265c4dace65f1cf9407c3cf9569264,leakec_tfc
702,eb08ebd077bae849d6d986dfc59318bd09c0b9bf,leakec_tfc
703,eb5c327dab8fc178155f6a7fb1a4d13ab14c0ce4,leakec_tfc
704,eb6c517a64814ca6dd8441919eba9de5644eb82e,leakec_tfc
705,eb79a115f3fa4abb57037e73ecf9e25a9d308115,leakec_tfc
706,eb889851435416f4dc4890f59abaacfac16e6cc5,leakec_tfc
707,ebb830e0647ecff6d7d831b097a62ce8b31b61e4,leakec_tfc
708,ec1ddbb23107515070cf37e7817dda291fc3cb85,leakec_tfc
709,ec78890aacb0e061726a2e2e0d0b1a399b9a1e22,leakec_tfc
710,ed3efe5bd70b3f56a18bb1357374ad9d7b0e8274,leakec_tfc
711,ed5221c44008b883846894c0f813e49a0992e76c,leakec_tfc
712,eda428233c67bd0b89f7ffe16e96991e62ef0d22,leakec_tfc
713,ee5f1f6f8b09000e46a6ee1c0d6afd101c1e76a6,leakec_tfc
714,ee74c827a5a4990fe93f569d21145329c7f3fd2e,leakec_tfc
715,eecf7b457ef4bcc16746376bd8625160c8c7f6dd,leakec_tfc
716,eee201d4c8e9338201a3c4c5bf4655ede39b38ca,leakec_tfc
717,ef242040b72aa60beffea72e901e6d288abe21df,leakec_tfc
718,f09c06fd15bc2d932ed24434956b6f2d7a2d3ddb,leakec_tfc
719,f0c775ce8dfd2feb03f7987dba3924f2c478a14a,leakec_tfc
720,f1591c95ec50e3cad096db4a480aadd20e352fec,leakec_tfc
721,f1af82169623dce941c667f2044509e9546431a2,leakec_tfc
722,f1ee2fc04e56301730d7dfe73e9697e9c30dbef1,leakec_tfc
723,f1fd8286bd4dccd2cf83bd712c9a5805dc127952,leakec_tfc
724,f2167d4bbc5611db1462befbc087f7a2a46129d2,leakec_tfc
725,f21b08686118acc2d70ebc95a148bd087a204f5d,leakec_tfc
726,f249e544e204d10f22219e04a45f8b96feeea34a,leakec_tfc
727,f27c584ac832d9aab31e0ca2f15b65b76ad143e0,leakec_tfc
728,f2838f780cc934936696459f740f9a14b931225d,leakec_tfc
729,f28a8274fa92daabd518c14821eec9d6a2db1bee,leakec_tfc
730,f2d2e091118af491ca89e376265e9d4c33fed861,leakec_tfc
731,f35433a809e26e03efeec4c42469edd0c236970e,leakec_tfc
732,f3aa6fb546187a8be9fec124bce362c517f268a1,leakec_tfc
733,f417eba09bd5f8d2dc1e238bbba6327ead4b449f,leakec_tfc
734,f4193d6647f2bd0cf9ee89f323f21d5b2bc09633,leakec_tfc
735,f471506691894169e4cc9109c687b90deaf71135,leakec_tfc
736,f4acbb9edd301b941859e3ed07694de597eeee3c,leakec_tfc
737,f55234e7a449219a7ddd6fbb75665505bea0e59e,leakec_tfc
738,f56f282e498f03f1eee2f1c37249aba8f98c41cd,leakec_tfc
739,f599fd977ad1cd0319a66b633e689c3330dd344b,leakec_tfc
740,f5e2f376d7df2cc8e5b1f3f5ddd6d42da799b449,leakec_tfc
741,f6c80951fb849383dfb5350ccd031165a4fcee83,leakec_tfc
742,f73cc6ae649afef46f88acc5ba39d8af812742fc,leakec_tfc
743,f7ac524f581ad5aec103a00e9a9e7be6851509ef,leakec_tfc
744,f7c1caf7ee977878c9f78b826dfbb3b9164a8762,leakec_tfc
745,f814be4643270498a68bb0859720191ff7216012,leakec_tfc
746,f8c97060372aa64204c1a81dc1af9eb89498b37b,leakec_tfc
747,f8ce5c8e5bc42acebe730e6b8e50abd6be5108de,leakec_tfc
748,f97fe30f800ed4597f644208be692023efb6db7d,leakec_tfc
749,fa1d71bf506a7db1d0aa9089faadfe721f0b1869,leakec_tfc
750,fae0e1810e83a82f4ec1b864768d567b44fc1467,leakec_tfc
751,fb5adc9ec0f58683ef63d1d4b7718a011fa0c73b,leakec_tfc
752,fb6a1eb3f39230c89c1c2c9be96fdb8fe9e74087,leakec_tfc
753,fb6cf37997599712422115acbd50e86f71f7d20c,leakec_tfc
754,fba0bd22fbd238544af58ae3e8f78aea4998ea56,leakec_tfc
755,fba5ab6f2c22084afeaf0da2f37ca5997b1cff05,leakec_tfc
756,fbeb5df29543d6e346b4780ea48983335ea1f014,leakec_tfc
757,fc258969c3b7d2ae4aba69fa9eb361b020b840c3,leakec_tfc
758,fc928ecd69b159c2db3b7b42e82588bdfa226526,leakec_tfc
759,fcc2dbe5c5a668f8cd90ad48dc1f07d4e3379af4,leakec_tfc
760,fe6fcb91f95925012e0665d94744e411344450a4,leakec_tfc
761,febf6efaad9bfc3c821f8cdc23353f2dea1c8404,leakec_tfc
762,ff22be92b8f1299208eacdd4deaab57d84beba74,leakec_tfc
763,ff26e51e8f3d4c392b217ae0822a1bd22d13b903,leakec_tfc
764,ffd058ab69f1c0ebdee1d7c97a298dc83890d541,leakec_tfc
