Net,WoC,GH
afeyerhe,daducci_AMICO,https://github.com/daducci/AMICO
afeyerhe,yangjasp_optimall,https://github.com/yangjasp/optimall
afeyerhe,ANYbotics_kindr,https://github.com/ANYbotics/kindr
afeyerhe,scikit-fuzzy_scikit-fuzzy,https://github.com/scikit-fuzzy/scikit-fuzzy
afeyerhe,mhhennig_HS2,https://github.com/mhhennig/HS2
afeyerhe,BIDS-Apps_rsHRF,https://github.com/BIDS-Apps/rsHRF
afeyerhe,JuliaStats_Lasso.jl,https://github.com/JuliaStats/Lasso.jl
afeyerhe,DCC-Lab_PyHardwareLibrary,https://github.com/DCC-Lab/PyHardwareLibrary
afeyerhe,cmillion_gPhoton,https://github.com/cmillion/gPhoton
afeyerhe,aim-uofa_AdelaiDet,https://github.com/aim-uofa/AdelaiDet
aghazi2,JuliaGaussianProcesses_AbstractGPs.jl,https://github.com/JuliaGaussianProcesses/AbstractGPs.jl
aghazi2,pyushkevich_itksnap,https://github.com/pyushkevich/itksnap
aghazi2,darrencroton_sage,https://github.com/darrencroton/sage
aghazi2,nanograv_enterprise,https://github.com/nanograv/enterprise
aghazi2,nsidc_mapxmaps,https://github.com/nsidc/mapxmaps
aghazi2,kinnala_scikit-fem,https://github.com/kinnala/scikit-fem
aghazi2,alibaba_GraphScope,https://github.com/alibaba/GraphScope
aghazi2,TuringLang_Bijectors.jl,https://github.com/TuringLang/Bijectors.jl
aghazi2,sandialabs_pecos,https://github.com/sandialabs/pecos
aghazi2,sicara_tuto-fsl,https://github.com/sicara/tuto-fsl
ahuang16,maria-korosteleva_Garment-Pattern-Estimation,https://github.com/maria-korosteleva/Garment-Pattern-Estimation
ahuang16,tf-encrypted_tf-encrypted,https://github.com/tf-encrypted/tf-encrypted
ahuang16,baggepinnen_SpectralDistances.jl,https://github.com/baggepinnen/SpectralDistances.jl
ahuang16,MassimoCimmino_pygfunction,https://github.com/MassimoCimmino/pygfunction
ahuang16,the-virtual-brain_tvb-root,https://github.com/the-virtual-brain/tvb-root
ahuang16,Xtra-Computing_thundergbm,https://github.com/Xtra-Computing/thundergbm
ahuang16,iTowns_itowns,https://github.com/iTowns/itowns
ahuang16,Serock3_Master_thesis_QEC_simulation,https://github.com/Serock3/Master_thesis_QEC_simulation
ahuang16,raysect_source,https://github.com/raysect/source
ahuang16,nimble-dev_nimble,https://github.com/nimble-dev/nimble
ajoshi21,cybergis_job-supervisor,https://github.com/cybergis/job-supervisor
ajoshi21,libfive_libfive,https://github.com/libfive/libfive
ajoshi21,HPI-Information-Systems_Metanome,https://github.com/HPI-Information-Systems/Metanome
ajoshi21,nasa_SMCPy,https://github.com/nasa/SMCPy
ajoshi21,brownhci_drafty,https://github.com/brownhci/drafty
ajoshi21,AnderGray_ProbabilityBoundsAnalysis.jl,https://github.com/AnderGray/ProbabilityBoundsAnalysis.jl
ajoshi21,computationalmodelling_fidimag,https://github.com/computationalmodelling/fidimag
ajoshi21,wsshin_maxwellfdfd,https://github.com/wsshin/maxwellfdfd
ajoshi21,pytorch_FBGEMM,https://github.com/pytorch/FBGEMM
ajoshi21,stardist_stardist,https://github.com/stardist/stardist
asahoo,movsim_movsim,https://github.com/movsim/movsim
asahoo,iml-wg_HEPML-LivingReview,https://github.com/iml-wg/HEPML-LivingReview
asahoo,JuliaGPU_CUDA.jl,https://github.com/JuliaGPU/CUDA.jl
asahoo,soedinglab_hh-suite,https://github.com/soedinglab/hh-suite
asahoo,jdblischak_workflowr,https://github.com/jdblischak/workflowr
asahoo,oscaribv_pyaneti,https://github.com/oscaribv/pyaneti
asahoo,isl-org_MiDaS,https://github.com/isl-org/MiDaS
asahoo,covid-projections_covid-data-model,https://github.com/covid-projections/covid-data-model
asahoo,HIVE-ResearchGroup_volumetric-data-interaction,https://github.com/HIVE-ResearchGroup/volumetric-data-interaction
asahoo,ANTsX_ANTsPy,https://github.com/ANTsX/ANTsPy
asalasva,FalkonML_falkon,https://github.com/FalkonML/falkon
asalasva,JuliaManifolds_Manopt.jl,https://github.com/JuliaManifolds/Manopt.jl
asalasva,NeuroML_pyNeuroML,https://github.com/NeuroML/pyNeuroML
asalasva,HenriquesLab_ZeroCostDL4Mic,https://github.com/HenriquesLab/ZeroCostDL4Mic
asalasva,frankyeh_DSI-Studio,https://github.com/frankyeh/DSI-Studio
asalasva,andreatramacere_jetset,https://github.com/andreatramacere/jetset
asalasva,micycle1_tinfour,https://github.com/micycle1/tinfour
asalasva,vinecopulib_pyvinecopulib,https://github.com/vinecopulib/pyvinecopulib
asalasva,elfi-dev_elfi,https://github.com/elfi-dev/elfi
asalasva,mattjj_pyhsmm,https://github.com/mattjj/pyhsmm
ashittu,delftdata_valentine,https://github.com/delftdata/valentine
ashittu,darioizzo_geodesyNets,https://github.com/darioizzo/geodesyNets
ashittu,Antonio-JP_dd_functions,https://github.com/Antonio-JP/dd_functions
ashittu,ANYbotics_elevation_mapping,https://github.com/ANYbotics/elevation_mapping
ashittu,singmann_afex,https://github.com/singmann/afex
ashittu,opensafely_antibody-and-antiviral-deployment,https://github.com/opensafely/antibody-and-antiviral-deployment
ashittu,sebmart_TaxiSimulation,https://github.com/sebmart/TaxiSimulation
ashittu,brainstorm-tools_brainstorm3,https://github.com/brainstorm-tools/brainstorm3
ashittu,langurmonkey_gaiasky,https://github.com/langurmonkey/gaiasky
ashittu,JuliaOpt_SumOfSquares.jl,https://github.com/JuliaOpt/SumOfSquares.jl
asmit494,hectornieto_pyTSEB,https://github.com/hectornieto/pyTSEB
asmit494,e3nn_e3nn,https://github.com/e3nn/e3nn
asmit494,kosma_minmea,https://github.com/kosma/minmea
asmit494,digantamisra98_Mish,https://github.com/digantamisra98/Mish
asmit494,pekkosk_hotbit,https://github.com/pekkosk/hotbit
asmit494,metagenomics_denbi-nanopore-training,https://github.com/metagenomics/denbi-nanopore-training
asmit494,BNUCNL_dnnbrain,https://github.com/BNUCNL/dnnbrain
asmit494,secure-compilation_different_traces,https://github.com/secure-compilation/different_traces
asmit494,irods_irods,https://github.com/irods/irods
asmit494,cgre-aachen_gempy,https://github.com/cgre-aachen/gempy
bcurry8,comit-network_xmr-btc-swap,https://github.com/comit-network/xmr-btc-swap
bcurry8,systemPipeR_systemPipeShiny,https://github.com/systemPipeR/systemPipeShiny
bcurry8,mmorise_World,https://github.com/mmorise/World
bcurry8,easystats_insight,https://github.com/easystats/insight
bcurry8,BMClab_BMC,https://github.com/BMClab/BMC
bcurry8,BRiAl_BRiAl,https://github.com/BRiAl/BRiAl
bcurry8,JuliaRobotics_RigidBodyDynamics.jl,https://github.com/JuliaRobotics/RigidBodyDynamics.jl
bcurry8,Angel-ML_angel,https://github.com/Angel-ML/angel
bcurry8,Samreay_ChainConsumer,https://github.com/Samreay/ChainConsumer
bcurry8,jasp-stats_jasp-desktop,https://github.com/jasp-stats/jasp-desktop
bkovach,ketch_nodepy,https://github.com/ketch/nodepy
bkovach,MouseLand_suite2p,https://github.com/MouseLand/suite2p
bkovach,Esri_geoportal-server,https://github.com/Esri/geoportal-server
bkovach,hpparvi_PyTransit,https://github.com/hpparvi/PyTransit
bkovach,sundmanbo_opencalphad,https://github.com/sundmanbo/opencalphad
bkovach,stack-of-tasks_pinocchio,https://github.com/stack-of-tasks/pinocchio
bkovach,microsoft_fhir-server,https://github.com/microsoft/fhir-server
bkovach,rapidsai_cucim,https://github.com/rapidsai/cucim
bkovach,agnwinds_python,https://github.com/agnwinds/python
bkovach,csgillespie_poweRlaw,https://github.com/csgillespie/poweRlaw
bpatel40,QISKit_qiskit-vscode,https://github.com/QISKit/qiskit-vscode
bpatel40,awslabs_gluon-ts,https://github.com/awslabs/gluon-ts
bpatel40,sigven_pcgr,https://github.com/sigven/pcgr
bpatel40,sfilippone_psblas3,https://github.com/sfilippone/psblas3
bpatel40,locusrobotics_fuse,https://github.com/locusrobotics/fuse
bpatel40,threeML_threeML,https://github.com/threeML/threeML
bpatel40,netket_netket,https://github.com/netket/netket
bpatel40,anustg_Optics_Verification,https://github.com/anustg/Optics_Verification
bpatel40,AtChem_AtChem2,https://github.com/AtChem/AtChem2
bpatel40,rexcardan_Evil-DICOM,https://github.com/rexcardan/Evil-DICOM
bturne50,intelowlproject_IntelOwl,https://github.com/intelowlproject/IntelOwl
bturne50,intellistream_AllianceDB,https://github.com/intellistream/AllianceDB
bturne50,yesint_pteros,https://github.com/yesint/pteros
bturne50,cvnlab_analyzePRF,https://github.com/cvnlab/analyzePRF
bturne50,simonfuhrmann_mve,https://github.com/simonfuhrmann/mve
bturne50,great-expectations_great_expectations,https://github.com/great-expectations/great_expectations
bturne50,google_grr,https://github.com/google/grr
bturne50,projectcypress_cypress,https://github.com/projectcypress/cypress
bturne50,HyperHDG_HyperHDG,https://github.com/HyperHDG/HyperHDG
bturne50,MIT-SPARK_TEASER-plusplus,https://github.com/MIT-SPARK/TEASER-plusplus
cdamron2,intel-isl_MultiObjectiveOptimization,https://github.com/intel-isl/MultiObjectiveOptimization
cdamron2,sjmoran_DeepLPF,https://github.com/sjmoran/DeepLPF
cdamron2,pangeo-forge_pangeo-forge,https://github.com/pangeo-forge/pangeo-forge
cdamron2,lvrcek_GNNome-assembly,https://github.com/lvrcek/GNNome-assembly
cdamron2,josiahcarlson_redis-in-action,https://github.com/josiahcarlson/redis-in-action
cdamron2,nmoehrle_mvs-texturing,https://github.com/nmoehrle/mvs-texturing
cdamron2,ClimateGlobalChange_tempestremap,https://github.com/ClimateGlobalChange/tempestremap
cdamron2,miguelinux314_experiment-notebook,https://github.com/miguelinux314/experiment-notebook
cdamron2,rllab-snu_Unsupervised-3D-Reconstruction,https://github.com/rllab-snu/Unsupervised-3D-Reconstruction
cdamron2,coryshain_cdr,https://github.com/coryshain/cdr
crader6,libAtoms_QUIP,https://github.com/libAtoms/QUIP
crader6,ldbc_sigmod2014-pc,https://github.com/ldbc/sigmod2014-pc
crader6,wurmlab_sequenceserver,https://github.com/wurmlab/sequenceserver
crader6,lanl_ELEMENTS,https://github.com/lanl/ELEMENTS
crader6,homalg-project_ToricVarieties_project,https://github.com/homalg-project/ToricVarieties_project
crader6,ph-rast_bmgarch,https://github.com/ph-rast/bmgarch
crader6,NanoComp_meep,https://github.com/NanoComp/meep
crader6,wiris_moodle-filter_wiris,https://github.com/wiris/moodle-filter_wiris
crader6,asgr_ProFound,https://github.com/asgr/ProFound
crader6,opticspy_lightpipes,https://github.com/opticspy/lightpipes
cramosme,google-research_tensor2robot,https://github.com/google-research/tensor2robot
cramosme,graphhopper_jsprit,https://github.com/graphhopper/jsprit
cramosme,tdunning_t-digest,https://github.com/tdunning/t-digest
cramosme,villano-lab_nrSiCap,https://github.com/villano-lab/nrSiCap
cramosme,MatthewHeun_byname,https://github.com/MatthewHeun/byname
cramosme,fabsig_GPBoost,https://github.com/fabsig/GPBoost
cramosme,hzwer_arXiv2020-RIFE,https://github.com/hzwer/arXiv2020-RIFE
cramosme,lucmoreau_ProvToolbox,https://github.com/lucmoreau/ProvToolbox
cramosme,autodiff_autodiff,https://github.com/autodiff/autodiff
cramosme,mourner_rbush,https://github.com/mourner/rbush
criley16,aspuru-guzik-group_tequila,https://github.com/aspuru-guzik-group/tequila
criley16,inasafe_inasafe,https://github.com/inasafe/inasafe
criley16,Parallel-NetCDF_PnetCDF,https://github.com/Parallel-NetCDF/PnetCDF
criley16,tbereau_auto_martini,https://github.com/tbereau/auto_martini
criley16,AMReX-Codes_IAMR,https://github.com/AMReX-Codes/IAMR
criley16,cmusatyalab_openface,https://github.com/cmusatyalab/openface
criley16,Jstacs_Jstacs,https://github.com/Jstacs/Jstacs
criley16,csgillespie_efficientR,https://github.com/csgillespie/efficientR
criley16,datmo_datmo,https://github.com/datmo/datmo
criley16,voxelmorph_voxelmorph,https://github.com/voxelmorph/voxelmorph
ctucke24,brainglobe_brainrender,https://github.com/brainglobe/brainrender
ctucke24,openworm_sibernetic,https://github.com/openworm/sibernetic
ctucke24,gnuradio_gr-inspector,https://github.com/gnuradio/gr-inspector
ctucke24,adibender_pammtools,https://github.com/adibender/pammtools
ctucke24,spacetelescope_drizzlepac,https://github.com/spacetelescope/drizzlepac
ctucke24,Unity-Technologies_SynthDet,https://github.com/Unity-Technologies/SynthDet
ctucke24,cp2k_cp2k,https://github.com/cp2k/cp2k
ctucke24,RUB-NDS_TLS-Attacker,https://github.com/RUB-NDS/TLS-Attacker
ctucke24,gigascience_gigadb-website,https://github.com/gigascience/gigadb-website
ctucke24,atomistic-machine-learning_schnetpack,https://github.com/atomistic-machine-learning/schnetpack
cwhit163,LFPy_LFPy,https://github.com/LFPy/LFPy
cwhit163,numenta_nupic,https://github.com/numenta/nupic
cwhit163,sem-jl_sem.jl,https://github.com/sem-jl/sem.jl
cwhit163,CardinalKit_CardinalKit,https://github.com/CardinalKit/CardinalKit
cwhit163,annecori_EpiEstim,https://github.com/annecori/EpiEstim
cwhit163,yulunzhang_RCAN,https://github.com/yulunzhang/RCAN
cwhit163,hol137_Jupyter-Notebook-Practice-Physical-Constants-Ratios,https://github.com/hol137/Jupyter-Notebook-Practice-Physical-Constants-Ratios
cwhit163,qupath_qupath,https://github.com/qupath/qupath
cwhit163,ceedee666_opensap_python_intro,https://github.com/ceedee666/opensap_python_intro
cwhit163,deepmind_acme,https://github.com/deepmind/acme
danrjoy,pmelchior_scarlet,https://github.com/pmelchior/scarlet
danrjoy,tlverse_hal9001,https://github.com/tlverse/hal9001
danrjoy,pytorch_ignite,https://github.com/pytorch/ignite
danrjoy,siemens_ros-sharp,https://github.com/siemens/ros-sharp
danrjoy,Esri_solutions-geoprocessing-toolbox,https://github.com/Esri/solutions-geoprocessing-toolbox
danrjoy,leekgroup_recount-website,https://github.com/leekgroup/recount-website
danrjoy,OpenIntroStat_openintro-r-package,https://github.com/OpenIntroStat/openintro-r-package
danrjoy,dbs-leipzig_gradoop,https://github.com/dbs-leipzig/gradoop
danrjoy,JanThorbecke_OpenSource,https://github.com/JanThorbecke/OpenSource
danrjoy,brandondube_prysm,https://github.com/brandondube/prysm
dchupryn,apache_ctakes,https://github.com/apache/ctakes
dchupryn,Bioconductor_Biobase,https://github.com/Bioconductor/Biobase
dchupryn,open-sdr_openwifi,https://github.com/open-sdr/openwifi
dchupryn,HARPgroup_r-dh-ecohydro,https://github.com/HARPgroup/r-dh-ecohydro
dchupryn,r-quantities_units,https://github.com/r-quantities/units
dchupryn,typelevel_frameless,https://github.com/typelevel/frameless
dchupryn,arogozhnikov_einops,https://github.com/arogozhnikov/einops
dchupryn,kelu124_echomods,https://github.com/kelu124/echomods
dchupryn,stan-dev_loo,https://github.com/stan-dev/loo
dchupryn,issp-center-dev_HPhi,https://github.com/issp-center-dev/HPhi
dmoon4,gavinsimpson_permute,https://github.com/gavinsimpson/permute
dmoon4,openclimatefix_Satip,https://github.com/openclimatefix/Satip
dmoon4,JuliaOpt_Convex.jl,https://github.com/JuliaOpt/Convex.jl
dmoon4,eljost_pysisyphus,https://github.com/eljost/pysisyphus
dmoon4,simonvh_genomepy,https://github.com/simonvh/genomepy
dmoon4,brentp_cyvcf2,https://github.com/brentp/cyvcf2
dmoon4,DiCarloLab-Delft_PycQED_py3,https://github.com/DiCarloLab-Delft/PycQED_py3
dmoon4,Benchmarking-Initiative_Benchmark-Models-PEtab,https://github.com/Benchmarking-Initiative/Benchmark-Models-PEtab
dmoon4,gsdlab_clafer,https://github.com/gsdlab/clafer
dmoon4,Acellera_htmd,https://github.com/Acellera/htmd
dpate122,IfcOpenShell_IfcOpenShell,https://github.com/IfcOpenShell/IfcOpenShell
dpate122,LAStools_LAStools,https://github.com/LAStools/LAStools
dpate122,opendatacube_datacube-explorer,https://github.com/opendatacube/datacube-explorer
dpate122,choderalab_pymbar,https://github.com/choderalab/pymbar
dpate122,tensorflow_tfjs,https://github.com/tensorflow/tfjs
dpate122,kvos_CoastSat,https://github.com/kvos/CoastSat
dpate122,jakobrunge_tigramite,https://github.com/jakobrunge/tigramite
dpate122,clue-developers_CLUE,https://github.com/clue-developers/CLUE
dpate122,zalo_CascadeStudio,https://github.com/zalo/CascadeStudio
dpate122,johannfaouzi_pyts,https://github.com/johannfaouzi/pyts
dpate125,OHDSI_WebAPI,https://github.com/OHDSI/WebAPI
dpate125,fkong7_2dunet,https://github.com/fkong7/2dunet
dpate125,maxulysse_nf-core_modules,https://github.com/maxulysse/nf-core_modules
dpate125,opensafely_long-covid-risk-factors-and-prediction,https://github.com/opensafely/long-covid-risk-factors-and-prediction
dpate125,omniscale_imposm3,https://github.com/omniscale/imposm3
dpate125,fcambus_telize,https://github.com/fcambus/telize
dpate125,ziotom78_Healpix.jl,https://github.com/ziotom78/Healpix.jl
dpate125,mpmccode_mpmc,https://github.com/mpmccode/mpmc
dpate125,hyperopt_hyperopt-sklearn,https://github.com/hyperopt/hyperopt-sklearn
dpate125,geodynamics_aspect,https://github.com/geodynamics/aspect
eyang7,BIDS-Apps_MRtrix3_connectome,https://github.com/BIDS-Apps/MRtrix3_connectome
eyang7,leakec_tfc,https://github.com/leakec/tfc
eyang7,voutcn_megahit,https://github.com/voutcn/megahit
eyang7,moble_quaternion,https://github.com/moble/quaternion
eyang7,SantanderMetGroup_downscaleR,https://github.com/SantanderMetGroup/downscaleR
eyang7,rajeshrinet_pyross,https://github.com/rajeshrinet/pyross
eyang7,google_jax-md,https://github.com/google/jax-md
eyang7,NCAR_wrf-python,https://github.com/NCAR/wrf-python
eyang7,JuliaIntervals_IntervalArithmetic.jl,https://github.com/JuliaIntervals/IntervalArithmetic.jl
eyang7,magazino_move_base_flex,https://github.com/magazino/move_base_flex
gcarson1,JuliaAstro_AstroLib.jl,https://github.com/JuliaAstro/AstroLib.jl
gcarson1,cra-ros-pkg_robot_localization,https://github.com/cra-ros-pkg/robot_localization
gcarson1,hMRI-group_hMRI-toolbox,https://github.com/hMRI-group/hMRI-toolbox
gcarson1,tdda_tdda,https://github.com/tdda/tdda
gcarson1,OpenSpace_OpenSpace,https://github.com/OpenSpace/OpenSpace
gcarson1,Photon-HDF5_phconvert,https://github.com/Photon-HDF5/phconvert
gcarson1,NOCIONS_letswave6,https://github.com/NOCIONS/letswave6
gcarson1,flatsurf_flatsurf,https://github.com/flatsurf/flatsurf
gcarson1,MANO-B_MicroSEC,https://github.com/MANO-B/MicroSEC
gcarson1,ablab_spades,https://github.com/ablab/spades
gevans16,parflow_parflow,https://github.com/parflow/parflow
gevans16,inab_wes-backend,https://github.com/inab/wes-backend
gevans16,knossos-project_knossos,https://github.com/knossos-project/knossos
gevans16,project-konda_pattern-based-quality-analysis,https://github.com/project-konda/pattern-based-quality-analysis
gevans16,wistaria_MateriAppsInstaller,https://github.com/wistaria/MateriAppsInstaller
gevans16,wtmatlock_flanker,https://github.com/wtmatlock/flanker
gevans16,OpenMD_OpenMD,https://github.com/OpenMD/OpenMD
gevans16,google_uis-rnn,https://github.com/google/uis-rnn
gevans16,leftygray_Cascade_calculations,https://github.com/leftygray/Cascade_calculations
gevans16,NREL_OpenStudio-server,https://github.com/NREL/OpenStudio-server
ggill5,LLNL_hiop,https://github.com/LLNL/hiop
ggill5,magic-sph_magic,https://github.com/magic-sph/magic
ggill5,HelmchenLabSoftware_Cascade,https://github.com/HelmchenLabSoftware/Cascade
ggill5,InsightSoftwareConsortium_SimpleITK-Notebooks,https://github.com/InsightSoftwareConsortium/SimpleITK-Notebooks
ggill5,pulp-platform_axi,https://github.com/pulp-platform/axi
ggill5,yeatmanlab_AFQ-Browser,https://github.com/yeatmanlab/AFQ-Browser
ggill5,stan-dev_bayesplot,https://github.com/stan-dev/bayesplot
ggill5,pymor_pymor,https://github.com/pymor/pymor
ggill5,barbagroup_AeroPython,https://github.com/barbagroup/AeroPython
ggill5,brian-team_brian2genn,https://github.com/brian-team/brian2genn
glakshma,pachterlab_sleuth,https://github.com/pachterlab/sleuth
glakshma,GeoStat-Framework_GSTools,https://github.com/GeoStat-Framework/GSTools
glakshma,JuliaEarth_GeoStats.jl,https://github.com/JuliaEarth/GeoStats.jl
glakshma,jaredhuling_oem,https://github.com/jaredhuling/oem
glakshma,avehtari_ROS-Examples,https://github.com/avehtari/ROS-Examples
glakshma,scikit-hep_uproot4,https://github.com/scikit-hep/uproot4
glakshma,JuliaPhysics_Measurements.jl,https://github.com/JuliaPhysics/Measurements.jl
glakshma,ASFHyP3_hyp3,https://github.com/ASFHyP3/hyp3
glakshma,DaehwanKimLab_hisat2,https://github.com/DaehwanKimLab/hisat2
glakshma,hjkgrp_molSimplify,https://github.com/hjkgrp/molSimplify
gmorale2,jlizier_jidt,https://github.com/jlizier/jidt
gmorale2,Tencent_TurboTransformers,https://github.com/Tencent/TurboTransformers
gmorale2,adda-team_adda,https://github.com/adda-team/adda
gmorale2,enviroCar_enviroCar-app,https://github.com/enviroCar/enviroCar-app
gmorale2,JuliaMath_GSL.jl,https://github.com/JuliaMath/GSL.jl
gmorale2,snakemake_snakemake,https://github.com/snakemake/snakemake
gmorale2,cpmech_gosl,https://github.com/cpmech/gosl
gmorale2,open-quantum-safe_ci-containers,https://github.com/open-quantum-safe/ci-containers
gmorale2,kul-forbes_ForBES,https://github.com/kul-forbes/ForBES
gmorale2,poissonconsulting_tmbr,https://github.com/poissonconsulting/tmbr
hbhidya,gabinsane_multimodal-vae-comparison,https://github.com/gabinsane/multimodal-vae-comparison
hbhidya,MansMeg_posteriordb,https://github.com/MansMeg/posteriordb
hbhidya,markmfredrickson_optmatch,https://github.com/markmfredrickson/optmatch
hbhidya,statistikat_VIM,https://github.com/statistikat/VIM
hbhidya,FairRootGroup_FairRoot,https://github.com/FairRootGroup/FairRoot
hbhidya,arfc_pride,https://github.com/arfc/pride
hbhidya,nexpy_nexpy,https://github.com/nexpy/nexpy
hbhidya,tompollard_tableone,https://github.com/tompollard/tableone
hbhidya,geospace-code_pymap3d,https://github.com/geospace-code/pymap3d
hbhidya,GeoKnow_LinkedGeoData,https://github.com/GeoKnow/LinkedGeoData
him2,UCL_mimix,https://github.com/UCL/mimix
him2,BioMedIA_MIRTK,https://github.com/BioMedIA/MIRTK
him2,RaymanNg_3D-Wind-Field,https://github.com/RaymanNg/3D-Wind-Field
him2,kick-h_gpumd,https://github.com/kick-h/gpumd
him2,mastoffel_rptR,https://github.com/mastoffel/rptR
him2,conda-forge_pyinterp-feedstock,https://github.com/conda-forge/pyinterp-feedstock
him2,shader-slang_slang,https://github.com/shader-slang/slang
him2,theislab_scib,https://github.com/theislab/scib
him2,WorldWideTelescope_wwt-web-client,https://github.com/WorldWideTelescope/wwt-web-client
him2,ANTsX_ANTsR,https://github.com/ANTsX/ANTsR
iweaver2,arviz-devs_arviz,https://github.com/arviz-devs/arviz
iweaver2,clindatsci_dicomweb-python-client,https://github.com/clindatsci/dicomweb-python-client
iweaver2,peal_vole,https://github.com/peal/vole
iweaver2,nbara_python-meegkit,https://github.com/nbara/python-meegkit
iweaver2,flyaflya_causact,https://github.com/flyaflya/causact
iweaver2,GEOLYTIX_xyz,https://github.com/GEOLYTIX/xyz
iweaver2,genouest_biomaj-download,https://github.com/genouest/biomaj-download
iweaver2,Pressio_pressio,https://github.com/Pressio/pressio
iweaver2,kkondo1981_aglm,https://github.com/kkondo1981/aglm
iweaver2,WinVector_vtreat,https://github.com/WinVector/vtreat
jaktseat,benfulcher_hctsa,https://github.com/benfulcher/hctsa
jaktseat,JuliaOpt_JuMP.jl,https://github.com/JuliaOpt/JuMP.jl
jaktseat,fredRos_pypmc,https://github.com/fredRos/pypmc
jaktseat,rpng_open_vins,https://github.com/rpng/open_vins
jaktseat,cp2k_dbcsr,https://github.com/cp2k/dbcsr
jaktseat,pbs-assess_gftrends,https://github.com/pbs-assess/gftrends
jaktseat,JuliaMolSim_DFTK.jl,https://github.com/JuliaMolSim/DFTK.jl
jaktseat,eclipse_sumo,https://github.com/eclipse/sumo
jaktseat,IQSS_dataverse,https://github.com/IQSS/dataverse
jaktseat,ECP-copa_Cabana,https://github.com/ECP-copa/Cabana
jbrow327,ubarsc_python-fmask,https://github.com/ubarsc/python-fmask
jbrow327,ALPSCore_ALPSCore,https://github.com/ALPSCore/ALPSCore
jbrow327,CNES_cars,https://github.com/CNES/cars
jbrow327,chembl_FPSim2,https://github.com/chembl/FPSim2
jbrow327,sinzlab_nndichromacy,https://github.com/sinzlab/nndichromacy
jbrow327,mivion_swisseph,https://github.com/mivion/swisseph
jbrow327,NiklasTR_promise,https://github.com/NiklasTR/promise
jbrow327,activityMonitoring_biobankAccelerometerAnalysis,https://github.com/activityMonitoring/biobankAccelerometerAnalysis
jbrow327,NASA-PDS_harvest,https://github.com/NASA-PDS/harvest
jbrow327,bluescarni_mppp,https://github.com/bluescarni/mppp
jchen122,Pseudomanifold_Aleph,https://github.com/Pseudomanifold/Aleph
jchen122,trichter_rf,https://github.com/trichter/rf
jchen122,evalf_nutils,https://github.com/evalf/nutils
jchen122,eXascaleInfolab_bench-vldb20,https://github.com/eXascaleInfolab/bench-vldb20
jchen122,ashiklom_edr-da,https://github.com/ashiklom/edr-da
jchen122,OxfordSKA_OSKAR,https://github.com/OxfordSKA/OSKAR
jchen122,ctlab_fgsea,https://github.com/ctlab/fgsea
jchen122,LAMPSPUC_StateSpaceModels.jl,https://github.com/LAMPSPUC/StateSpaceModels.jl
jchen122,SiEPIC_SiEPIC_EBeam_PDK,https://github.com/SiEPIC/SiEPIC_EBeam_PDK
jchen122,PaulHancock_Aegean,https://github.com/PaulHancock/Aegean
jcordwel,luispedro_mahotas,https://github.com/luispedro/mahotas
jcordwel,volkamerlab_opencadd,https://github.com/volkamerlab/opencadd
jcordwel,ECSHackWeek_impedance.py,https://github.com/ECSHackWeek/impedance.py
jcordwel,CesiumGS_3d-tiles,https://github.com/CesiumGS/3d-tiles
jcordwel,kbarbary_sep,https://github.com/kbarbary/sep
jcordwel,CannyLab_tsne-cuda,https://github.com/CannyLab/tsne-cuda
jcordwel,jmchandonia_CORAL,https://github.com/jmchandonia/CORAL
jcordwel,MouseLand_rastermap,https://github.com/MouseLand/rastermap
jcordwel,sentinel-hub_sentinelhub-py,https://github.com/sentinel-hub/sentinelhub-py
jcordwel,grimbough_Rhdf5lib,https://github.com/grimbough/Rhdf5lib
jdisalvo,SOCR_SOCRAT,https://github.com/SOCR/SOCRAT
jdisalvo,BBN-Q_QGL,https://github.com/BBN-Q/QGL
jdisalvo,microsoft_SPTAG,https://github.com/microsoft/SPTAG
jdisalvo,allenai_scispacy,https://github.com/allenai/scispacy
jdisalvo,clawpack_pyclaw,https://github.com/clawpack/pyclaw
jdisalvo,isce-framework_isce2,https://github.com/isce-framework/isce2
jdisalvo,facebookresearch_pytorch3d,https://github.com/facebookresearch/pytorch3d
jdisalvo,mundialis_actinia_core,https://github.com/mundialis/actinia_core
jdisalvo,Unidata_netcdf-cxx4,https://github.com/Unidata/netcdf-cxx4
jdisalvo,astro-informatics_ssht,https://github.com/astro-informatics/ssht
jdodd8,WorldWideTelescope_pywwt,https://github.com/WorldWideTelescope/pywwt
jdodd8,chakravala_Grassmann.jl,https://github.com/chakravala/Grassmann.jl
jdodd8,roboticslibrary_rl,https://github.com/roboticslibrary/rl
jdodd8,ROBelgium_MSNoise,https://github.com/ROBelgium/MSNoise
jdodd8,stepjam_RLBench,https://github.com/stepjam/RLBench
jdodd8,FragIt_fragit-main,https://github.com/FragIt/fragit-main
jdodd8,architecture-building-systems_revitpythonshell,https://github.com/architecture-building-systems/revitpythonshell
jdodd8,VLSIDA_OpenRAM,https://github.com/VLSIDA/OpenRAM
jdodd8,kaczmarj_neurodocker,https://github.com/kaczmarj/neurodocker
jdodd8,code-iai_ROSIntegration,https://github.com/code-iai/ROSIntegration
jhowar72,prjemian_spec2nexus,https://github.com/prjemian/spec2nexus
jhowar72,caseywdunn_siphonophore_phylogeny_2017,https://github.com/caseywdunn/siphonophore_phylogeny_2017
jhowar72,bc_retina,https://github.com/bc/retina
jhowar72,iic-jku_ddsim,https://github.com/iic-jku/ddsim
jhowar72,spirit-code_spirit,https://github.com/spirit-code/spirit
jhowar72,stanfordnlp_GloVe,https://github.com/stanfordnlp/GloVe
jhowar72,NeurodataWithoutBorders_matnwb,https://github.com/NeurodataWithoutBorders/matnwb
jhowar72,MALBECC_lio,https://github.com/MALBECC/lio
jhowar72,giaf_hpipm,https://github.com/giaf/hpipm
jhowar72,AntonYuryev_ElsevierAPI,https://github.com/AntonYuryev/ElsevierAPI
jmalinen,MariaNattestad_Ribbon,https://github.com/MariaNattestad/Ribbon
jmalinen,stan-dev_cmdstanpy,https://github.com/stan-dev/cmdstanpy
jmalinen,rveltz_PiecewiseDeterministicMarkovProcesses.jl,https://github.com/rveltz/PiecewiseDeterministicMarkovProcesses.jl
jmalinen,lpwgroup_crank,https://github.com/lpwgroup/crank
jmalinen,thelfer_MFrontGenericInterfaceSupport,https://github.com/thelfer/MFrontGenericInterfaceSupport
jmalinen,jonescompneurolab_hnn,https://github.com/jonescompneurolab/hnn
jmalinen,mirnylab_cooler,https://github.com/mirnylab/cooler
jmalinen,jhuapl-boss_intern,https://github.com/jhuapl-boss/intern
jmalinen,privefl_bigstatsr,https://github.com/privefl/bigstatsr
jmalinen,xeokit_xeokit-sdk,https://github.com/xeokit/xeokit-sdk
jprater8,GSI-CS-CO_chart-fx,https://github.com/GSI-CS-CO/chart-fx
jprater8,bsaul_inferference,https://github.com/bsaul/inferference
jprater8,daohu527_Dig-into-Apollo,https://github.com/daohu527/Dig-into-Apollo
jprater8,martin2250_OpenCNCPilot,https://github.com/martin2250/OpenCNCPilot
jprater8,USGS-Astrogeology_ISIS3,https://github.com/USGS-Astrogeology/ISIS3
jprater8,sakov_enkf-c,https://github.com/sakov/enkf-c
jprater8,sfc-aqua_quisp,https://github.com/sfc-aqua/quisp
jprater8,stan-dev_rstanarm,https://github.com/stan-dev/rstanarm
jprater8,copasi_copasi-dependencies,https://github.com/copasi/copasi-dependencies
jprater8,almost-matching-exactly_dame-python-package,https://github.com/almost-matching-exactly/dame-python-package
jprebola,nansencenter_DAPPER,https://github.com/nansencenter/DAPPER
jprebola,quantumblacklabs_kedro-viz,https://github.com/quantumblacklabs/kedro-viz
jprebola,biod_sambamba,https://github.com/biod/sambamba
jprebola,hungpham2511_toppra,https://github.com/hungpham2511/toppra
jprebola,bioimagesuiteweb_bisweb,https://github.com/bioimagesuiteweb/bisweb
jprebola,carloscinelli_sensemakr,https://github.com/carloscinelli/sensemakr
jprebola,CompPhysVienna_n2p2,https://github.com/CompPhysVienna/n2p2
jprebola,shraddhabarke_probe,https://github.com/shraddhabarke/probe
jprebola,openUC2_UC2-GIT,https://github.com/openUC2/UC2-GIT
jprebola,fangq_mcx,https://github.com/fangq/mcx
jql794,gboeing_pynamical,https://github.com/gboeing/pynamical
jql794,mjwoods_RNetCDF,https://github.com/mjwoods/RNetCDF
jql794,r-spatial_spdep,https://github.com/r-spatial/spdep
jql794,Svalorzen_AI-Toolbox,https://github.com/Svalorzen/AI-Toolbox
jql794,ropensci_DataPackageR,https://github.com/ropensci/DataPackageR
jql794,facebookresearch_faiss,https://github.com/facebookresearch/faiss
jql794,SasView_sasview,https://github.com/SasView/sasview
jql794,gems-uff_noworkflow,https://github.com/gems-uff/noworkflow
jql794,exascaleinfolab_vadetis,https://github.com/exascaleinfolab/vadetis
jql794,pnnl_isicle,https://github.com/pnnl/isicle
jshastid,nickabattista_IB2d,https://github.com/nickabattista/IB2d
jshastid,CARTAvis_carta-frontend,https://github.com/CARTAvis/carta-frontend
jshastid,NanoComp_mpb,https://github.com/NanoComp/mpb
jshastid,kklmn_xrt,https://github.com/kklmn/xrt
jshastid,pytorch_audio,https://github.com/pytorch/audio
jshastid,bernatgel_karyoploteR,https://github.com/bernatgel/karyoploteR
jshastid,wandb_client,https://github.com/wandb/client
jshastid,OHDSI_Atlas,https://github.com/OHDSI/Atlas
jshastid,mummer4_mummer,https://github.com/mummer4/mummer
jshastid,nmslib_nmslib,https://github.com/nmslib/nmslib
jtiemey2,olofk_serv,https://github.com/olofk/serv
jtiemey2,tencentyun_iot-device-python,https://github.com/tencentyun/iot-device-python
jtiemey2,molstar_molstar,https://github.com/molstar/molstar
jtiemey2,DaehwanKimLab_centrifuge,https://github.com/DaehwanKimLab/centrifuge
jtiemey2,dilumaluthge_augustus.jl,https://github.com/dilumaluthge/augustus.jl
jtiemey2,SuperElastix_elastix,https://github.com/SuperElastix/elastix
jtiemey2,python-hydro_pyro2,https://github.com/python-hydro/pyro2
jtiemey2,mratsim_Arraymancer,https://github.com/mratsim/Arraymancer
jtiemey2,integrativemodeling_npc,https://github.com/integrativemodeling/npc
jtiemey2,ANYbotics_grid_map,https://github.com/ANYbotics/grid_map
jvenkat1,mpld3_mpld3,https://github.com/mpld3/mpld3
jvenkat1,nilmtk_nilmtk,https://github.com/nilmtk/nilmtk
jvenkat1,dellytools_delly,https://github.com/dellytools/delly
jvenkat1,bedops_bedops,https://github.com/bedops/bedops
jvenkat1,opencog_opencog,https://github.com/opencog/opencog
jvenkat1,mschauer_CausalInference.jl,https://github.com/mschauer/CausalInference.jl
jvenkat1,matwey_fips3,https://github.com/matwey/fips3
jvenkat1,NeuralEnsemble_libNeuroML,https://github.com/NeuralEnsemble/libNeuroML
jvenkat1,benjjneb_dada2,https://github.com/benjjneb/dada2
jvenkat1,ngageoint_opensphere,https://github.com/ngageoint/opensphere
jweil,avehtari_BDA_course_Aalto,https://github.com/avehtari/BDA_course_Aalto
jweil,eberharf_cfl,https://github.com/eberharf/cfl
jweil,OpenDA-Association_OpenDA,https://github.com/OpenDA-Association/OpenDA
jweil,OpenMS_OpenMS,https://github.com/OpenMS/OpenMS
jweil,vatlab_SoS,https://github.com/vatlab/SoS
jweil,jayggg_ngstents,https://github.com/jayggg/ngstents
jweil,inQWIRE_SQIR,https://github.com/inQWIRE/SQIR
jweil,tee-lab_pyddsde,https://github.com/tee-lab/pyddsde
jweil,JGCRI_gcam-core,https://github.com/JGCRI/gcam-core
jweil,windweller_DisExtract,https://github.com/windweller/DisExtract
klam5,rafavzqz_geopdes,https://github.com/rafavzqz/geopdes
klam5,Qiskit_openqasm,https://github.com/Qiskit/openqasm
klam5,mantidproject_mantid,https://github.com/mantidproject/mantid
klam5,MIC-DKFZ_nnUNet,https://github.com/MIC-DKFZ/nnUNet
klam5,CambridgeMolecularEngineering_tabledataextractor,https://github.com/CambridgeMolecularEngineering/tabledataextractor
klam5,r-spatial_gstat,https://github.com/r-spatial/gstat
klam5,LLNL_zfp,https://github.com/LLNL/zfp
klam5,ros-perception_slam_gmapping,https://github.com/ros-perception/slam_gmapping
klam5,ofloveandhate_paramotopy,https://github.com/ofloveandhate/paramotopy
klam5,qzhu2017_PyXtal,https://github.com/qzhu2017/PyXtal
kmahajan,nwfsc-cb_OCNMS,https://github.com/nwfsc-cb/OCNMS
kmahajan,skuschel_postpic,https://github.com/skuschel/postpic
kmahajan,florianhartig_DHARMa,https://github.com/florianhartig/DHARMa
kmahajan,Acellera_moleculekit,https://github.com/Acellera/moleculekit
kmahajan,druid-io_pydruid,https://github.com/druid-io/pydruid
kmahajan,projectchrono_chrono,https://github.com/projectchrono/chrono
kmahajan,MolSSI_QCEngine,https://github.com/MolSSI/QCEngine
kmahajan,Radiomics_pyradiomics,https://github.com/Radiomics/pyradiomics
kmahajan,jalammar_ecco,https://github.com/jalammar/ecco
kmahajan,pyscf_pyscf,https://github.com/pyscf/pyscf
kylwboma,covid19datahub_covid19dev,https://github.com/covid19datahub/covid19dev
kylwboma,echonet_dynamic,https://github.com/echonet/dynamic
kylwboma,opengeospatial_ogc-geosparql,https://github.com/opengeospatial/ogc-geosparql
kylwboma,egri-nagy_sgpdec,https://github.com/egri-nagy/sgpdec
kylwboma,eendebakpt_oapackage,https://github.com/eendebakpt/oapackage
kylwboma,wojdyr_fityk,https://github.com/wojdyr/fityk
kylwboma,smearle_gym-city,https://github.com/smearle/gym-city
kylwboma,ACCLAB_dabestr,https://github.com/ACCLAB/dabestr
kylwboma,aol_moloch,https://github.com/aol/moloch
kylwboma,ncoudray_DeepPATH,https://github.com/ncoudray/DeepPATH
lfarthi1,alanwilter_acpype,https://github.com/alanwilter/acpype
lfarthi1,SheffieldML_GPy,https://github.com/SheffieldML/GPy
lfarthi1,rrrlw_ripserr,https://github.com/rrrlw/ripserr
lfarthi1,dakep_pense-rpkg,https://github.com/dakep/pense-rpkg
lfarthi1,DeclareDesign_estimatr,https://github.com/DeclareDesign/estimatr
lfarthi1,IGSIO_OpenIGTLinkIO,https://github.com/IGSIO/OpenIGTLinkIO
lfarthi1,Aura-healthcare_hrv-analysis,https://github.com/Aura-healthcare/hrv-analysis
lfarthi1,JuliaOpt_CPLEX.jl,https://github.com/JuliaOpt/CPLEX.jl
lfarthi1,rwth-i6_returnn,https://github.com/rwth-i6/returnn
lfarthi1,ipeaGIT_geobr,https://github.com/ipeaGIT/geobr
lsd728,delsuc_spike,https://github.com/delsuc/spike
lsd728,gyyang_neurogym,https://github.com/gyyang/neurogym
lsd728,PapenfussLab_gridss,https://github.com/PapenfussLab/gridss
lsd728,jbytecode_LinRegOutliers,https://github.com/jbytecode/LinRegOutliers
lsd728,nasa_CCDD,https://github.com/nasa/CCDD
lsd728,arm61_pylj,https://github.com/arm61/pylj
lsd728,mothur_mothur,https://github.com/mothur/mothur
lsd728,stephenslab_mashr,https://github.com/stephenslab/mashr
lsd728,dswah_pyGAM,https://github.com/dswah/pyGAM
lsd728,lsst_daf_butler,https://github.com/lsst/daf_butler
mbyest,PecanProject_pecan,https://github.com/PecanProject/pecan
mbyest,ESA-PhiLab_OpenSarToolkit,https://github.com/ESA-PhiLab/OpenSarToolkit
mbyest,StollLab_EasySpin,https://github.com/StollLab/EasySpin
mbyest,mariohsouto_ProxSDP.jl,https://github.com/mariohsouto/ProxSDP.jl
mbyest,qiskit_qiskit-experiments,https://github.com/qiskit/qiskit-experiments
mbyest,ericproffitt_TopicModelsVB.jl,https://github.com/ericproffitt/TopicModelsVB.jl
mbyest,VCityTeam_UD-Reproducibility,https://github.com/VCityTeam/UD-Reproducibility
mbyest,hbctraining_scRNA-seq_online,https://github.com/hbctraining/scRNA-seq_online
mbyest,SmileiPIC_Smilei,https://github.com/SmileiPIC/Smilei
mbyest,geofranzi_geoportal,https://github.com/geofranzi/geoportal
mcao12,pygae_galgebra,https://github.com/pygae/galgebra
mcao12,mdolab_pyoptsparse,https://github.com/mdolab/pyoptsparse
mcao12,zhuangjun1981_retinotopic_mapping,https://github.com/zhuangjun1981/retinotopic_mapping
mcao12,joaoleal_CppADCodeGen,https://github.com/joaoleal/CppADCodeGen
mcao12,LCAV_pyroomacoustics,https://github.com/LCAV/pyroomacoustics
mcao12,richardli_SUMMER,https://github.com/richardli/SUMMER
mcao12,alejandrobll_py-sphviewer,https://github.com/alejandrobll/py-sphviewer
mcao12,mimno_Mallet,https://github.com/mimno/Mallet
mcao12,aoterodelaroza_critic2,https://github.com/aoterodelaroza/critic2
mcao12,lptk_simple-algebraic-subtyping,https://github.com/lptk/simple-algebraic-subtyping
mmirusma,helske_KFAS,https://github.com/helske/KFAS
mmirusma,sassoftware_python-swat,https://github.com/sassoftware/python-swat
mmirusma,spacetelescope_mirage,https://github.com/spacetelescope/mirage
mmirusma,devinamatthews_tblis,https://github.com/devinamatthews/tblis
mmirusma,esheldon_esutil,https://github.com/esheldon/esutil
mmirusma,badlands-model_badlands,https://github.com/badlands-model/badlands
mmirusma,metagenome-atlas_atlas,https://github.com/metagenome-atlas/atlas
mmirusma,opengeospatial_teamengine,https://github.com/opengeospatial/teamengine
mmirusma,philipperemy_keras-tcn,https://github.com/philipperemy/keras-tcn
mmirusma,libnegf_libnegf,https://github.com/libnegf/libnegf
mpatriki,tyiannak_pyAudioAnalysis,https://github.com/tyiannak/pyAudioAnalysis
mpatriki,FZJ-INM1-BDA_siibra-explorer,https://github.com/FZJ-INM1-BDA/siibra-explorer
mpatriki,spacetelescope_jwql,https://github.com/spacetelescope/jwql
mpatriki,smhyatt_deforest-watch-with-BFAST-in-CUDA,https://github.com/smhyatt/deforest-watch-with-BFAST-in-CUDA
mpatriki,eurostat_statistics-coded,https://github.com/eurostat/statistics-coded
mpatriki,tnagler_VineCopula,https://github.com/tnagler/VineCopula
mpatriki,deeptime-ml_deeptime,https://github.com/deeptime-ml/deeptime
mpatriki,aiidateam_aiida-tutorials,https://github.com/aiidateam/aiida-tutorials
mpatriki,lepy_phuzzy,https://github.com/lepy/phuzzy
mpatriki,dpiparo_vdt,https://github.com/dpiparo/vdt
mphan2,KristofferC_PGFPlotsX.jl,https://github.com/KristofferC/PGFPlotsX.jl
mphan2,fizban007_CoffeeGPU,https://github.com/fizban007/CoffeeGPU
mphan2,clayne_retrowrite,https://github.com/clayne/retrowrite
mphan2,dkazanc_TomoPhantom,https://github.com/dkazanc/TomoPhantom
mphan2,alicevision_meshroom,https://github.com/alicevision/meshroom
mphan2,fmidev_smartmet-library-newbase,https://github.com/fmidev/smartmet-library-newbase
mphan2,knausb_vcfR,https://github.com/knausb/vcfR
mphan2,FedML-AI_FedML,https://github.com/FedML-AI/FedML
mphan2,latte-central_LaTTe,https://github.com/latte-central/LaTTe
mphan2,stineb_mct,https://github.com/stineb/mct
ndawson2,facebookresearch_dlrm,https://github.com/facebookresearch/dlrm
ndawson2,brainhackorg_brainhack_jupyter_book,https://github.com/brainhackorg/brainhack_jupyter_book
ndawson2,EoRImaging_FHD,https://github.com/EoRImaging/FHD
ndawson2,microsoft_DeepSpeed,https://github.com/microsoft/DeepSpeed
ndawson2,alphaparrot_plasim,https://github.com/alphaparrot/plasim
ndawson2,DHI-GRAS_terracotta,https://github.com/DHI-GRAS/terracotta
ndawson2,ethz-adrl_ifopt,https://github.com/ethz-adrl/ifopt
ndawson2,uber_orbit,https://github.com/uber/orbit
ndawson2,AlgTUDelft_ExpensiveOptimBenchmark,https://github.com/AlgTUDelft/ExpensiveOptimBenchmark
ndawson2,pnlbwh_ukftractography,https://github.com/pnlbwh/ukftractography
nupadhy3,knygren_glmbayes,https://github.com/knygren/glmbayes
nupadhy3,rapidsai_cuxfilter,https://github.com/rapidsai/cuxfilter
nupadhy3,NFFT_nfft,https://github.com/NFFT/nfft
nupadhy3,cselab_aphros,https://github.com/cselab/aphros
nupadhy3,learning-at-home_hivemind,https://github.com/learning-at-home/hivemind
nupadhy3,epics-base_pva2pva,https://github.com/epics-base/pva2pva
nupadhy3,GEOS-ESM_MAPL,https://github.com/GEOS-ESM/MAPL
nupadhy3,icbi-lab_luca,https://github.com/icbi-lab/luca
nupadhy3,ajdawson_windspharm,https://github.com/ajdawson/windspharm
nupadhy3,sonvt1710_deepface,https://github.com/sonvt1710/deepface
pbhatt1,arnaudon_netSALT,https://github.com/arnaudon/netSALT
pbhatt1,PythonOT_POT,https://github.com/PythonOT/POT
pbhatt1,blegat_SwitchOnSafety.jl,https://github.com/blegat/SwitchOnSafety.jl
pbhatt1,connectomicslab_connectomemapper3,https://github.com/connectomicslab/connectomemapper3
pbhatt1,BBN-Q_Auspex,https://github.com/BBN-Q/Auspex
pbhatt1,vsamy_Copra,https://github.com/vsamy/Copra
pbhatt1,havakv_pycox,https://github.com/havakv/pycox
pbhatt1,seung-lab_igneous,https://github.com/seung-lab/igneous
pbhatt1,salan668_FAE,https://github.com/salan668/FAE
pbhatt1,matsengrp_transport,https://github.com/matsengrp/transport
rchennai,easystats_parameters,https://github.com/easystats/parameters
rchennai,ds4dm_Tulip.jl,https://github.com/ds4dm/Tulip.jl
rchennai,mtiller_ModelicaBook,https://github.com/mtiller/ModelicaBook
rchennai,jdtuck_fdasrvf_R,https://github.com/jdtuck/fdasrvf_R
rchennai,xbarin02_collatz,https://github.com/xbarin02/collatz
rchennai,Quantum-TII_qibo,https://github.com/Quantum-TII/qibo
rchennai,jklimke_libcitygml,https://github.com/jklimke/libcitygml
rchennai,mskcc_vcf2maf,https://github.com/mskcc/vcf2maf
rchennai,sibrun_GH,https://github.com/sibrun/GH
rchennai,lyc102_ifem,https://github.com/lyc102/ifem
rpate112,PatWie_CppNumericalSolvers,https://github.com/PatWie/CppNumericalSolvers
rpate112,simplenlg_simplenlg,https://github.com/simplenlg/simplenlg
rpate112,ntustison_CrossLong,https://github.com/ntustison/CrossLong
rpate112,stan-dev_projpred,https://github.com/stan-dev/projpred
rpate112,whizzml_examples,https://github.com/whizzml/examples
rpate112,afeinstein20_eleanor,https://github.com/afeinstein20/eleanor
rpate112,SMTorg_smt,https://github.com/SMTorg/smt
rpate112,AlgebraicJulia_Catlab.jl,https://github.com/AlgebraicJulia/Catlab.jl
rpate112,microprediction_timemachines,https://github.com/microprediction/timemachines
rpate112,sftcd_surveys,https://github.com/sftcd/surveys
rpatel92,Calamari-OCR_calamari,https://github.com/Calamari-OCR/calamari
rpatel92,pdclab_peregrine,https://github.com/pdclab/peregrine
rpatel92,JuliaOpt_Pajarito.jl,https://github.com/JuliaOpt/Pajarito.jl
rpatel92,MIC-DKFZ_batchgenerators,https://github.com/MIC-DKFZ/batchgenerators
rpatel92,romerogroup_pyprocar,https://github.com/romerogroup/pyprocar
rpatel92,Jean-Romain_lidR,https://github.com/Jean-Romain/lidR
rpatel92,google-research_football,https://github.com/google-research/football
rpatel92,drostlab_philentropy,https://github.com/drostlab/philentropy
rpatel92,ContextLab_hypertools,https://github.com/ContextLab/hypertools
rpatel92,lima1_PureCN,https://github.com/lima1/PureCN
rperry21,epam_med3web,https://github.com/epam/med3web
rperry21,indralab_indra_db,https://github.com/indralab/indra_db
rperry21,choosehappy_HistoQC,https://github.com/choosehappy/HistoQC
rperry21,qulacs_qulacs,https://github.com/qulacs/qulacs
rperry21,ropensci_stplanr,https://github.com/ropensci/stplanr
rperry21,ZhaoJ9014_face.evoLVe,https://github.com/ZhaoJ9014/face.evoLVe
rperry21,rasbt_mlxtend,https://github.com/rasbt/mlxtend
rperry21,systerel_S2OPC,https://github.com/systerel/S2OPC
rperry21,teusH_MySense,https://github.com/teusH/MySense
rperry21,kuwisdelu_Cardinal,https://github.com/kuwisdelu/Cardinal
rsanz,mobvoi_wenet,https://github.com/mobvoi/wenet
rsanz,pbs-assess_gfsynopsis,https://github.com/pbs-assess/gfsynopsis
rsanz,pmlmodelling_ersem,https://github.com/pmlmodelling/ersem
rsanz,vearch_vearch,https://github.com/vearch/vearch
rsanz,hannorein_rebound,https://github.com/hannorein/rebound
rsanz,soedinglab_MMseqs2,https://github.com/soedinglab/MMseqs2
rsanz,hpddm_hpddm,https://github.com/hpddm/hpddm
rsanz,stephenslab_mr.mash.alpha,https://github.com/stephenslab/mr.mash.alpha
rsanz,gem_oq-engine,https://github.com/gem/oq-engine
rsanz,sixin-zh_kymatio_wph,https://github.com/sixin-zh/kymatio_wph
rtrenner,NLeSC_mcfly,https://github.com/NLeSC/mcfly
rtrenner,cjhopp_scripts,https://github.com/cjhopp/scripts
rtrenner,synthetichealth_module-builder,https://github.com/synthetichealth/module-builder
rtrenner,PennyLaneAI_pennylane,https://github.com/PennyLaneAI/pennylane
rtrenner,jatinchowdhury18_AnalogTapeModel,https://github.com/jatinchowdhury18/AnalogTapeModel
rtrenner,PaddlePaddle_DeepSpeech,https://github.com/PaddlePaddle/DeepSpeech
rtrenner,fraserw_PyMOP,https://github.com/fraserw/PyMOP
rtrenner,henryseg_Veering,https://github.com/henryseg/Veering
rtrenner,tanghaibao_goatools,https://github.com/tanghaibao/goatools
rtrenner,helske_bssm,https://github.com/helske/bssm
sjayapra,zonca_jupyterhub-deploy-kubernetes-jetstream,https://github.com/zonca/jupyterhub-deploy-kubernetes-jetstream
sjayapra,nglviewer_nglview,https://github.com/nglviewer/nglview
sjayapra,pnnl_darkchem,https://github.com/pnnl/darkchem
sjayapra,edzer_spacetime,https://github.com/edzer/spacetime
sjayapra,ebi-pf-team_interproscan,https://github.com/ebi-pf-team/interproscan
sjayapra,titipata_pubmed_parser,https://github.com/titipata/pubmed_parser
sjayapra,glotzerlab_fresnel,https://github.com/glotzerlab/fresnel
sjayapra,uwdata_falcon,https://github.com/uwdata/falcon
sjayapra,SwissTPH_openmalaria,https://github.com/SwissTPH/openmalaria
sjayapra,fzenke_auryn,https://github.com/fzenke/auryn
smohyud1,panoptes_panoptes-utils,https://github.com/panoptes/panoptes-utils
smohyud1,Photrek_Nonlinear-Statistical-Coupling,https://github.com/Photrek/Nonlinear-Statistical-Coupling
smohyud1,NPellet_visualizer,https://github.com/NPellet/visualizer
smohyud1,darioizzo_audi,https://github.com/darioizzo/audi
smohyud1,milvus-io_milvus,https://github.com/milvus-io/milvus
smohyud1,antelopeusersgroup_antelope_contrib,https://github.com/antelopeusersgroup/antelope_contrib
smohyud1,OceanDataTools_openvdm,https://github.com/OceanDataTools/openvdm
smohyud1,FourierFlows_FourierFlows.jl,https://github.com/FourierFlows/FourierFlows.jl
smohyud1,gnina_libmolgrid,https://github.com/gnina/libmolgrid
smohyud1,Unidata_awips2,https://github.com/Unidata/awips2
spaladu1,DLR-RM_BlenderProc,https://github.com/DLR-RM/BlenderProc
spaladu1,riatelab_cartography,https://github.com/riatelab/cartography
spaladu1,patrickzib_SFA,https://github.com/patrickzib/SFA
spaladu1,OpenExoplanetCatalogue_open_exoplanet_catalogue,https://github.com/OpenExoplanetCatalogue/open_exoplanet_catalogue
spaladu1,snakemake-workflows_rna-seq-kallisto-sleuth,https://github.com/snakemake-workflows/rna-seq-kallisto-sleuth
spaladu1,brianmanderson_dicom_utilities,https://github.com/brianmanderson/dicom_utilities
spaladu1,iraf-community_iraf,https://github.com/iraf-community/iraf
spaladu1,dgerosa_precession,https://github.com/dgerosa/precession
spaladu1,PlasmaPy_PlasmaPy,https://github.com/PlasmaPy/PlasmaPy
spaladu1,iqusoft_intel-qs,https://github.com/iqusoft/intel-qs
spate200,SebWouters_CheMPS2,https://github.com/SebWouters/CheMPS2
spate200,f-fathurrahman_PWDFT.jl,https://github.com/f-fathurrahman/PWDFT.jl
spate200,nenadmarkus_wlrn,https://github.com/nenadmarkus/wlrn
spate200,aidenlab_juicer,https://github.com/aidenlab/juicer
spate200,qiboteam_qibojit,https://github.com/qiboteam/qibojit
spate200,nuest_o2r-project.github.io,https://github.com/nuest/o2r-project.github.io
spate200,rednaga_APKiD,https://github.com/rednaga/APKiD
spate200,ICRAR_shark,https://github.com/ICRAR/shark
spate200,yixuan_spectra,https://github.com/yixuan/spectra
spate200,mathLab_PyDMD,https://github.com/mathLab/PyDMD
spate201,JuliaManifolds_Manifolds.jl,https://github.com/JuliaManifolds/Manifolds.jl
spate201,pydata_pandas-datareader,https://github.com/pydata/pandas-datareader
spate201,shellphish_driller,https://github.com/shellphish/driller
spate201,threeme3_QCX-SSB,https://github.com/threeme3/QCX-SSB
spate201,humanbrainproject_fairgraph,https://github.com/humanbrainproject/fairgraph
spate201,sancus-pma_sancus-core,https://github.com/sancus-pma/sancus-core
spate201,vcflib_vcflib,https://github.com/vcflib/vcflib
spate201,MobleyLab_blues,https://github.com/MobleyLab/blues
spate201,vinecopulib_rvinecopulib,https://github.com/vinecopulib/rvinecopulib
spate201,catboost_catboost,https://github.com/catboost/catboost
sshriva2,microsoft_TextWorld,https://github.com/microsoft/TextWorld
sshriva2,microsoft_unilm,https://github.com/microsoft/unilm
sshriva2,ExaScience_macau,https://github.com/ExaScience/macau
sshriva2,keras-team_autokeras,https://github.com/keras-team/autokeras
sshriva2,cgentemann_cloud_science,https://github.com/cgentemann/cloud_science
sshriva2,gauzias_slam,https://github.com/gauzias/slam
sshriva2,Ivanlh20_multem,https://github.com/Ivanlh20/multem
sshriva2,slundberg_shap,https://github.com/slundberg/shap
sshriva2,MITgcm_MITgcm,https://github.com/MITgcm/MITgcm
sshriva2,MrGiovanni_ModelsGenesis,https://github.com/MrGiovanni/ModelsGenesis
suppalap,MUCollective_multidy,https://github.com/MUCollective/multidy
suppalap,ASKurz_Doing-Bayesian-Data-Analysis-in-brms-and-the-tidyverse,https://github.com/ASKurz/Doing-Bayesian-Data-Analysis-in-brms-and-the-tidyverse
suppalap,ESMValGroup_ESMValTool,https://github.com/ESMValGroup/ESMValTool
suppalap,RTIInternational_SMART,https://github.com/RTIInternational/SMART
suppalap,jannisborn_covid_detector,https://github.com/jannisborn/covid_detector
suppalap,OverLordGoldDragon_ssqueezepy,https://github.com/OverLordGoldDragon/ssqueezepy
suppalap,rust-bio_rust-bio,https://github.com/rust-bio/rust-bio
suppalap,ccsb-scripps_AutoDock-GPU,https://github.com/ccsb-scripps/AutoDock-GPU
suppalap,EBIvariation_eva-tools,https://github.com/EBIvariation/eva-tools
suppalap,opendatacube_datacube-alchemist,https://github.com/opendatacube/datacube-alchemist
sward47,genetics-statistics_GEMMA,https://github.com/genetics-statistics/GEMMA
sward47,ssl-hep_ServiceX,https://github.com/ssl-hep/ServiceX
sward47,pbreheny_ncvreg,https://github.com/pbreheny/ncvreg
sward47,semanticchemistry_semanticchemistry,https://github.com/semanticchemistry/semanticchemistry
sward47,MG-RAST_Shock,https://github.com/MG-RAST/Shock
sward47,boutproject_BOUT-dev,https://github.com/boutproject/BOUT-dev
sward47,nathanaelbosch_ODEFilters.jl,https://github.com/nathanaelbosch/ODEFilters.jl
sward47,aplbrain_dotmotif,https://github.com/aplbrain/dotmotif
sward47,qucat_qucat,https://github.com/qucat/qucat
sward47,melven_pitts,https://github.com/melven/pitts
tbissaho,LSSTDESC_WeakLensingDeblending,https://github.com/LSSTDESC/WeakLensingDeblending
tbissaho,mkazhdan_PoissonRecon,https://github.com/mkazhdan/PoissonRecon
tbissaho,JuliaNLSolvers_NLSolversBase.jl,https://github.com/JuliaNLSolvers/NLSolversBase.jl
tbissaho,GridTools_gridtools,https://github.com/GridTools/gridtools
tbissaho,christophsax_seasonal,https://github.com/christophsax/seasonal
tbissaho,SVF-tools_SVF,https://github.com/SVF-tools/SVF
tbissaho,stephenslab_flashr,https://github.com/stephenslab/flashr
tbissaho,feihoo87_QuLab,https://github.com/feihoo87/QuLab
tbissaho,SoerenPannier_emdi,https://github.com/SoerenPannier/emdi
tbissaho,gimli-org_gimli,https://github.com/gimli-org/gimli
tduckwor,gap-system_gap,https://github.com/gap-system/gap
tduckwor,NCAR_pyngl,https://github.com/NCAR/pyngl
tduckwor,Oneflow-Inc_oneflow,https://github.com/Oneflow-Inc/oneflow
tduckwor,soren5_autolr,https://github.com/soren5/autolr
tduckwor,Azure_mmlspark,https://github.com/Azure/mmlspark
tduckwor,kul-forbes_ProximalAlgorithms.jl,https://github.com/kul-forbes/ProximalAlgorithms.jl
tduckwor,igmhub_picca,https://github.com/igmhub/picca
tduckwor,SynBioDex_pySBOL3,https://github.com/SynBioDex/pySBOL3
tduckwor,Unipisa_Simu5G,https://github.com/Unipisa/Simu5G
tduckwor,pyansys_DPF-Core,https://github.com/pyansys/DPF-Core
teisenba,ewenharrison_finalfit,https://github.com/ewenharrison/finalfit
teisenba,lucidrains_lightweight-gan,https://github.com/lucidrains/lightweight-gan
teisenba,walaj_SeqLib,https://github.com/walaj/SeqLib
teisenba,3dct_open_iA,https://github.com/3dct/open_iA
teisenba,clojupyter_clojupyter,https://github.com/clojupyter/clojupyter
teisenba,billennium_ReGAE,https://github.com/billennium/ReGAE
teisenba,cbroeckl_RAMClustR,https://github.com/cbroeckl/RAMClustR
teisenba,jsgoecke_tesla,https://github.com/jsgoecke/tesla
teisenba,robotology_ycm,https://github.com/robotology/ycm
teisenba,hasadna_anyway-newsflash-infographics,https://github.com/hasadna/anyway-newsflash-infographics
therren2,ViDA-NYU_reprozip,https://github.com/ViDA-NYU/reprozip
therren2,LLNL_mgmol,https://github.com/LLNL/mgmol
therren2,scifio_scifio-imageio,https://github.com/scifio/scifio-imageio
therren2,smistad_FAST,https://github.com/smistad/FAST
therren2,MouseLand_Kilosort,https://github.com/MouseLand/Kilosort
therren2,martini-alessandro_Maximum-Entropy-Spectrum,https://github.com/martini-alessandro/Maximum-Entropy-Spectrum
therren2,ShixiangWang_sigminer,https://github.com/ShixiangWang/sigminer
therren2,WorldWideTelescope_wwt-website,https://github.com/WorldWideTelescope/wwt-website
therren2,Q2MM_q2mm,https://github.com/Q2MM/q2mm
therren2,natverse_nat.nblast,https://github.com/natverse/nat.nblast
tlatawie,aidenlab_straw,https://github.com/aidenlab/straw
tlatawie,corybrunson_ggalluvial,https://github.com/corybrunson/ggalluvial
tlatawie,snowleopard_alga,https://github.com/snowleopard/alga
tlatawie,maximecb_gym-minigrid,https://github.com/maximecb/gym-minigrid
tlatawie,seung-lab_cloud-volume,https://github.com/seung-lab/cloud-volume
tlatawie,STVIR_pysot,https://github.com/STVIR/pysot
tlatawie,google-research_torchsde,https://github.com/google-research/torchsde
tlatawie,tidymodels_rsample,https://github.com/tidymodels/rsample
tlatawie,coin-or_Ipopt,https://github.com/coin-or/Ipopt
tlatawie,OHDSI_PatientLevelPrediction,https://github.com/OHDSI/PatientLevelPrediction
tolson4,vibansal_HapCUT2,https://github.com/vibansal/HapCUT2
tolson4,friendly_heplots,https://github.com/friendly/heplots
tolson4,elki-project_elki,https://github.com/elki-project/elki
tolson4,NeuroML_NeuroML2,https://github.com/NeuroML/NeuroML2
tolson4,ropensci_GSODR,https://github.com/ropensci/GSODR
tolson4,modelica_Modelica_LinearSystems2,https://github.com/modelica/Modelica_LinearSystems2
tolson4,wangbolun300_fast-envelope,https://github.com/wangbolun300/fast-envelope
tolson4,antvis_G6,https://github.com/antvis/G6
tolson4,LSSTDESC_CCL,https://github.com/LSSTDESC/CCL
tolson4,dsavransky_EXOSIMS,https://github.com/dsavransky/EXOSIMS
tsomani,mumax_3,https://github.com/mumax/3
tsomani,JanLahmann_RasQberry,https://github.com/JanLahmann/RasQberry
tsomani,mahmoudparsian_data-algorithms-book,https://github.com/mahmoudparsian/data-algorithms-book
tsomani,attractivechaos_kann,https://github.com/attractivechaos/kann
tsomani,templateflow_templateflow,https://github.com/templateflow/templateflow
tsomani,mosdef-hub_gmso,https://github.com/mosdef-hub/gmso
tsomani,quantumlib_OpenFermion-FQE,https://github.com/quantumlib/OpenFermion-FQE
tsomani,gregreen_dustmaps,https://github.com/gregreen/dustmaps
tsomani,AllenInstitute_ipfx,https://github.com/AllenInstitute/ipfx
tsomani,pal-robotics_aruco_ros,https://github.com/pal-robotics/aruco_ros
txh512,neuroelectro_neuroelectro_org,https://github.com/neuroelectro/neuroelectro_org
txh512,ropensci_textreuse,https://github.com/ropensci/textreuse
txh512,freesurfer_freesurfer,https://github.com/freesurfer/freesurfer
txh512,openforcefield_openforcefield,https://github.com/openforcefield/openforcefield
txh512,markmfredrickson_RItools,https://github.com/markmfredrickson/RItools
txh512,annkennedy_tracer,https://github.com/annkennedy/tracer
txh512,brentp_vcfanno,https://github.com/brentp/vcfanno
txh512,r-spatial_mapedit,https://github.com/r-spatial/mapedit
txh512,ISA-tools_isa-api,https://github.com/ISA-tools/isa-api
txh512,NVIDIAGameWorks_Falcor,https://github.com/NVIDIAGameWorks/Falcor
vjoshi2,caseyyoungflesh_post,https://github.com/caseyyoungflesh/post
vjoshi2,jackwasey_icd,https://github.com/jackwasey/icd
vjoshi2,oxfordcontrol_COSMO.jl,https://github.com/oxfordcontrol/COSMO.jl
vjoshi2,JBEI_edd,https://github.com/JBEI/edd
vjoshi2,davidcarslaw_openair,https://github.com/davidcarslaw/openair
vjoshi2,QuTech-Delft_quantuminspire,https://github.com/QuTech-Delft/quantuminspire
vjoshi2,tryolabs_norfair,https://github.com/tryolabs/norfair
vjoshi2,soft-matter_trackpy,https://github.com/soft-matter/trackpy
vjoshi2,cosmoscout_cosmoscout-vr,https://github.com/cosmoscout/cosmoscout-vr
vjoshi2,scify_JedAIToolkit,https://github.com/scify/JedAIToolkit
vkonjet1,QIICR_dcmqi,https://github.com/QIICR/dcmqi
vkonjet1,wannesm_dtaidistance,https://github.com/wannesm/dtaidistance
vkonjet1,IAMconsortium_pyam,https://github.com/IAMconsortium/pyam
vkonjet1,geospace-code_georinex,https://github.com/geospace-code/georinex
vkonjet1,SciTools_cartopy,https://github.com/SciTools/cartopy
vkonjet1,Unidata_drilsdown,https://github.com/Unidata/drilsdown
vkonjet1,pygae_clifford,https://github.com/pygae/clifford
vkonjet1,Kitware_vtk-js,https://github.com/Kitware/vtk-js
vkonjet1,microsoft_iomt-fhir,https://github.com/microsoft/iomt-fhir
vkonjet1,uzh-rpg_rpg_dvs_ros,https://github.com/uzh-rpg/rpg_dvs_ros
wdougla4,pinskylab_climate_community_crossrealm,https://github.com/pinskylab/climate_community_crossrealm
wdougla4,UW-COSMOS_cosmos-visualizer,https://github.com/UW-COSMOS/cosmos-visualizer
wdougla4,AnyDSL_stincilla,https://github.com/AnyDSL/stincilla
wdougla4,mfem_PyMFEM,https://github.com/mfem/PyMFEM
wdougla4,ehrbase_ehrbase,https://github.com/ehrbase/ehrbase
wdougla4,scqubits_scqubits,https://github.com/scqubits/scqubits
wdougla4,AlchemistSimulator_Alchemist,https://github.com/AlchemistSimulator/Alchemist
wdougla4,COSIMA_ACCESS-OM2-1-025-010deg-report,https://github.com/COSIMA/ACCESS-OM2-1-025-010deg-report
wdougla4,CATIA-Systems_FMPy,https://github.com/CATIA-Systems/FMPy
wdougla4,stevenliuyi_covid19,https://github.com/stevenliuyi/covid19
wsessoms,mir-group_flare,https://github.com/mir-group/flare
wsessoms,Starlink_pal,https://github.com/Starlink/pal
wsessoms,numenta_NAB,https://github.com/numenta/NAB
wsessoms,mit-acl_faster,https://github.com/mit-acl/faster
wsessoms,AMReX-Astro_MAESTROeX,https://github.com/AMReX-Astro/MAESTROeX
wsessoms,sequence-toolbox_SeQUeNCe,https://github.com/sequence-toolbox/SeQUeNCe
wsessoms,libspatialindex_libspatialindex,https://github.com/libspatialindex/libspatialindex
wsessoms,airbornemihir_a-verified-fs,https://github.com/airbornemihir/a-verified-fs
wsessoms,hms-dbmi_viv,https://github.com/hms-dbmi/viv
wsessoms,e0404_matRad,https://github.com/e0404/matRad
wsv346,sniklaus_3d-ken-burns,https://github.com/sniklaus/3d-ken-burns
wsv346,theislab_scanpy,https://github.com/theislab/scanpy
wsv346,hyperdeal_hyperdeal,https://github.com/hyperdeal/hyperdeal
wsv346,beagle-dev_beagle-lib,https://github.com/beagle-dev/beagle-lib
wsv346,mbaudin47_otbenchmark,https://github.com/mbaudin47/otbenchmark
wsv346,manufactured-solutions_MASA,https://github.com/manufactured-solutions/MASA
wsv346,luc-girod_MMASTER-workflows,https://github.com/luc-girod/MMASTER-workflows
wsv346,Tom94_practical-path-guiding,https://github.com/Tom94/practical-path-guiding
wsv346,GOMC-WSU_GOMC,https://github.com/GOMC-WSU/GOMC
wsv346,erikbern_ann-benchmarks,https://github.com/erikbern/ann-benchmarks
xhu48,ReactionMechanismGenerator_ARC,https://github.com/ReactionMechanismGenerator/ARC
xhu48,geodynamics_pylith,https://github.com/geodynamics/pylith
xhu48,fhamborg_Giveme5W1H,https://github.com/fhamborg/Giveme5W1H
xhu48,rwightman_efficientdet-pytorch,https://github.com/rwightman/efficientdet-pytorch
xhu48,ELELAB_mutatex,https://github.com/ELELAB/mutatex
xhu48,open-simulation-platform_proxy-fmu,https://github.com/open-simulation-platform/proxy-fmu
xhu48,TeamCOMPAS_COMPAS,https://github.com/TeamCOMPAS/COMPAS
xhu48,RadioAstronomySoftwareGroup_pyuvdata,https://github.com/RadioAstronomySoftwareGroup/pyuvdata
xhu48,Tereshchenkolab_paper-ecg,https://github.com/Tereshchenkolab/paper-ecg
xhu48,SEMICeu_GeoDCAT-AP,https://github.com/SEMICeu/GeoDCAT-AP
yhb368,mne-tools_mne-bids,https://github.com/mne-tools/mne-bids
yhb368,Open-Catalyst-Project_ocp,https://github.com/Open-Catalyst-Project/ocp
yhb368,openvax_mhctools,https://github.com/openvax/mhctools
yhb368,TinkerTools_tinker-hp,https://github.com/TinkerTools/tinker-hp
yhb368,Unidata_IDV,https://github.com/Unidata/IDV
yhb368,LSSTDESC_NaMaster,https://github.com/LSSTDESC/NaMaster
yhb368,opengeospatial_ogcapi-coverages,https://github.com/opengeospatial/ogcapi-coverages
yhb368,mjacob1002_Eir,https://github.com/mjacob1002/Eir
yhb368,pykaldi_pykaldi,https://github.com/pykaldi/pykaldi
yhb368,numerical-mooc_numerical-mooc,https://github.com/numerical-mooc/numerical-mooc
zmcknigh,linnarsson-lab_loom-viewer,https://github.com/linnarsson-lab/loom-viewer
zmcknigh,mdtraj_mdtraj,https://github.com/mdtraj/mdtraj
zmcknigh,siberianisaev_NeutronBarrel,https://github.com/siberianisaev/NeutronBarrel
zmcknigh,rigetti_pyquil,https://github.com/rigetti/pyquil
zmcknigh,ratschlab_metagraph,https://github.com/ratschlab/metagraph
zmcknigh,cnr-isti-vclab_meshlab,https://github.com/cnr-isti-vclab/meshlab
zmcknigh,Ensembl_ensembl-vep,https://github.com/Ensembl/ensembl-vep
zmcknigh,IBAMR_IBAMR,https://github.com/IBAMR/IBAMR
zmcknigh,OpenDrift_opendrift,https://github.com/OpenDrift/opendrift
zmcknigh,CisnerosResearch_LICHEM,https://github.com/CisnerosResearch/LICHEM
